error_type,record_id,stock_code,date,event_type,investor_name,source_page,evidence_text
FN,GOLD-001282-2004-06-18-001,001282,2004-06-18,增资,孙国奉,PDF p1,2004年6月1日，孙国奉、孙国敏和张松满就设立三联有限签署了股东协议书及公司章程，注册资本500万元，孙国奉以机器设备出资175万元（35%）；孙国敏以货币和机器设备出资162.5万元（32.5%）；张松满以货币和机器设备出资162.5万元（32.5%）。2004年6月18日经芜湖市工商行政管理局核准。
FN,GOLD-001282-2004-06-18-002,001282,2004-06-18,增资,孙国敏,PDF p1,2004年6月1日，孙国奉、孙国敏和张松满就设立三联有限签署了股东协议书及公司章程，注册资本500万元，孙国奉以机器设备出资175万元（35%）；孙国敏以货币和机器设备出资162.5万元（32.5%）；张松满以货币和机器设备出资162.5万元（32.5%）。2004年6月18日经芜湖市工商行政管理局核准。
FN,GOLD-001282-2004-06-18-003,001282,2004-06-18,增资,张松满,PDF p1,2004年6月1日，孙国奉、孙国敏和张松满就设立三联有限签署了股东协议书及公司章程，注册资本500万元，孙国奉以机器设备出资175万元（35%）；孙国敏以货币和机器设备出资162.5万元（32.5%）；张松满以货币和机器设备出资162.5万元（32.5%）。2004年6月18日经芜湖市工商行政管理局核准。
FN,GOLD-001282-2007-12-001,001282,2007-12,增资及股权转让,温州三联锻造有限公司,PDF p1,"2007年12月，三联有限第一次增资1,500万元，温州三联出资620万元，张爱连出资400万元，孙娟丽出资380万元，孙国奉出资100万元。注册资本增至2,000万元。2008年1月，温州三联将395万元转让予孙国奉、97.5万元予孙国敏、127.5万元予张松满；孙娟丽将380万元转让予张松满；张爱连将400万元转让予孙国敏。"
FN,GOLD-001282-2007-12-002,001282,2007-12,增资及股权转让,张爱连,PDF p1,"2007年12月，三联有限第一次增资1,500万元，温州三联出资620万元，张爱连出资400万元，孙娟丽出资380万元，孙国奉出资100万元。注册资本增至2,000万元。2008年1月，温州三联将395万元转让予孙国奉、97.5万元予孙国敏、127.5万元予张松满；孙娟丽将380万元转让予张松满；张爱连将400万元转让予孙国敏。"
FN,GOLD-001282-2007-12-003,001282,2007-12,增资及股权转让,孙娟丽,PDF p1,"2007年12月，三联有限第一次增资1,500万元，温州三联出资620万元，张爱连出资400万元，孙娟丽出资380万元，孙国奉出资100万元。注册资本增至2,000万元。2008年1月，温州三联将395万元转让予孙国奉、97.5万元予孙国敏、127.5万元予张松满；孙娟丽将380万元转让予张松满；张爱连将400万元转让予孙国敏。"
FN,GOLD-001282-2007-12-004,001282,2007-12,增资及股权转让,孙国奉,PDF p1,"2007年12月，三联有限第一次增资1,500万元，温州三联出资620万元，张爱连出资400万元，孙娟丽出资380万元，孙国奉出资100万元。注册资本增至2,000万元。2008年1月，温州三联将395万元转让予孙国奉、97.5万元予孙国敏、127.5万元予张松满；孙娟丽将380万元转让予张松满；张爱连将400万元转让予孙国敏。"
FN,GOLD-001282-2014-05-001,001282,2014-05,增资,孙国奉,PDF p1,"2014年5月，三联有限第二次增资3,000万元，孙国奉出资1,995万元，张松满出资1,005万元。注册资本增至5,000万元。增资后孙国奉66.50%，张松满33.50%。"
FN,GOLD-001282-2014-05-002,001282,2014-05,增资,张松满,PDF p1,"2014年5月，三联有限第二次增资3,000万元，孙国奉出资1,995万元，张松满出资1,005万元。注册资本增至5,000万元。增资后孙国奉66.50%，张松满33.50%。"
FN,GOLD-001282-2017-02-001,001282,2017-02,增资,芜湖高新同华创业投资合伙企业（有限合伙）,PDF p1,"2017年2月，三联有限第三次增资1,150万元，由高新同华出资1,150万元。注册资本增至6,150万元。高新同华为私募创业投资基金。"
FN,GOLD-001282-2018-11-26-001,001282,2018-11-26,其他,孙国奉,PDF p1,"2018年10月11日，三联有限召开股东会，同意整体变更设立股份有限公司。截至2018年7月31日，经审计净资产29,828.50万元（调整后），按1:0.2732折股81,500,000股，每股面值1元。发起人为孙国奉、张一衡、孙国敏、孙仁豪、高新同华5名股东。2018年11月26日经芜湖市工商行政管理局核准。"
FN,GOLD-001282-2018-11-26-002,001282,2018-11-26,其他,张一衡,PDF p1,"2018年10月11日，三联有限召开股东会，同意整体变更设立股份有限公司。截至2018年7月31日，经审计净资产29,828.50万元（调整后），按1:0.2732折股81,500,000股，每股面值1元。发起人为孙国奉、张一衡、孙国敏、孙仁豪、高新同华5名股东。2018年11月26日经芜湖市工商行政管理局核准。"
FN,GOLD-001282-2018-11-26-003,001282,2018-11-26,其他,孙国敏,PDF p1,"2018年10月11日，三联有限召开股东会，同意整体变更设立股份有限公司。截至2018年7月31日，经审计净资产29,828.50万元（调整后），按1:0.2732折股81,500,000股，每股面值1元。发起人为孙国奉、张一衡、孙国敏、孙仁豪、高新同华5名股东。2018年11月26日经芜湖市工商行政管理局核准。"
FN,GOLD-001282-2018-11-26-004,001282,2018-11-26,其他,孙仁豪,PDF p1,"2018年10月11日，三联有限召开股东会，同意整体变更设立股份有限公司。截至2018年7月31日，经审计净资产29,828.50万元（调整后），按1:0.2732折股81,500,000股，每股面值1元。发起人为孙国奉、张一衡、孙国敏、孙仁豪、高新同华5名股东。2018年11月26日经芜湖市工商行政管理局核准。"
FN,GOLD-001282-2018-11-26-005,001282,2018-11-26,其他,芜湖高新同华创业投资合伙企业（有限合伙）,PDF p1,"2018年10月11日，三联有限召开股东会，同意整体变更设立股份有限公司。截至2018年7月31日，经审计净资产29,828.50万元（调整后），按1:0.2732折股81,500,000股，每股面值1元。发起人为孙国奉、张一衡、孙国敏、孙仁豪、高新同华5名股东。2018年11月26日经芜湖市工商行政管理局核准。"
FN,GOLD-301563-2008-05-07-001,301563,2008-05-07,增资,深圳市云汉电子有限公司,PDF p1,2008年4月17日，深圳市云汉电子有限公司和刘云锋共同申请设立上海云汉电子有限公司，注册资本50万元，深圳云汉电子认缴25万元（50%），刘云锋认缴25万元（50%）。2008年5月7日办理完毕工商登记。
FN,GOLD-301563-2008-05-07-002,301563,2008-05-07,增资,刘云锋,PDF p1,2008年4月17日，深圳市云汉电子有限公司和刘云锋共同申请设立上海云汉电子有限公司，注册资本50万元，深圳云汉电子认缴25万元（50%），刘云锋认缴25万元（50%）。2008年5月7日办理完毕工商登记。
FN,GOLD-301563-2009-12-001,301563,2009-12,增资及股权转让,曾烨,PDF p1,2009年12月，有限公司第一次股权转让及增资，注册资本增至100万元。深圳市云汉电子有限公司将其持有的有限公司50%股权转让给曾烨。曾烨、刘云锋按原持股比例增资50万元，注册资本增至100万元。
FN,GOLD-301563-2009-12-002,301563,2009-12,增资及股权转让,刘云锋,PDF p1,2009年12月，有限公司第一次股权转让及增资，注册资本增至100万元。深圳市云汉电子有限公司将其持有的有限公司50%股权转让给曾烨。曾烨、刘云锋按原持股比例增资50万元，注册资本增至100万元。
FN,GOLD-301563-2014-08-001,301563,2014-08,增资,武汉力源信息技术股份有限公司,PDF p1,力源信息、东方富海及芜湖富海共同增资28.205万元，注册资本增至128.205万元。此轮引入了产业投资者力源信息（上市公司）及知名投资机构东方富海系。
FN,GOLD-301563-2014-08-002,301563,2014-08,增资,东方富海（上海）创业投资企业（有限合伙）,PDF p1,力源信息、东方富海及芜湖富海共同增资28.205万元，注册资本增至128.205万元。此轮引入了产业投资者力源信息（上市公司）及知名投资机构东方富海系。
FN,GOLD-301563-2014-08-003,301563,2014-08,增资,芜湖富海浩研创业投资基金（有限合伙）,PDF p1,力源信息、东方富海及芜湖富海共同增资28.205万元，注册资本增至128.205万元。此轮引入了产业投资者力源信息（上市公司）及知名投资机构东方富海系。
FN,GOLD-301563-2015-08-001,301563,2015-08,增资,深圳市创新投资集团有限公司,PDF p1,"深创投、丰利财富、镇江红土、昆山红土、富海深湾、芜湖富海共同增资158.2733万元，注册资本增至2,158.2733万元。丰利财富代表其管理的丰利新三板基金投资，投资总额1,000万元。B轮投资协议约定了2015年、2016年、2017-2018年业绩承诺及上市承诺。"
FN,GOLD-301563-2015-08-002,301563,2015-08,增资,丰利财富（北京）国际资本管理股份有限公司,PDF p1,"深创投、丰利财富、镇江红土、昆山红土、富海深湾、芜湖富海共同增资158.2733万元，注册资本增至2,158.2733万元。丰利财富代表其管理的丰利新三板基金投资，投资总额1,000万元。B轮投资协议约定了2015年、2016年、2017-2018年业绩承诺及上市承诺。"
FN,GOLD-301563-2015-08-003,301563,2015-08,增资,镇江红土创业投资有限公司,PDF p1,"深创投、丰利财富、镇江红土、昆山红土、富海深湾、芜湖富海共同增资158.2733万元，注册资本增至2,158.2733万元。丰利财富代表其管理的丰利新三板基金投资，投资总额1,000万元。B轮投资协议约定了2015年、2016年、2017-2018年业绩承诺及上市承诺。"
FN,GOLD-301563-2015-08-004,301563,2015-08,增资,昆山红土高新创业投资有限公司,PDF p1,"深创投、丰利财富、镇江红土、昆山红土、富海深湾、芜湖富海共同增资158.2733万元，注册资本增至2,158.2733万元。丰利财富代表其管理的丰利新三板基金投资，投资总额1,000万元。B轮投资协议约定了2015年、2016年、2017-2018年业绩承诺及上市承诺。"
FN,GOLD-301563-2015-08-005,301563,2015-08,增资,富海深湾（深圳）移动创新私募创业投资基金合伙企业（有限合伙）,PDF p1,"深创投、丰利财富、镇江红土、昆山红土、富海深湾、芜湖富海共同增资158.2733万元，注册资本增至2,158.2733万元。丰利财富代表其管理的丰利新三板基金投资，投资总额1,000万元。B轮投资协议约定了2015年、2016年、2017-2018年业绩承诺及上市承诺。"
FN,GOLD-301563-2015-12-03-001,301563,2015-12-03,其他,曾烨,PDF p1,"2015年10月15日，全体发起人签署《发起人协议书》。有限公司将经审计净资产额45,010,412.64元按1.1253:1的比例折成4,000万股，每股面值1元，其余5,010,412.64元计入资本公积。2015年12月3日，上海市工商行政管理局核准。"
FN,GOLD-301563-2015-12-03-002,301563,2015-12-03,其他,刘云锋,PDF p1,"2015年10月15日，全体发起人签署《发起人协议书》。有限公司将经审计净资产额45,010,412.64元按1.1253:1的比例折成4,000万股，每股面值1元，其余5,010,412.64元计入资本公积。2015年12月3日，上海市工商行政管理局核准。"
FN,GOLD-301563-2015-12-03-003,301563,2015-12-03,其他,武汉力源信息技术股份有限公司,PDF p1,"2015年10月15日，全体发起人签署《发起人协议书》。有限公司将经审计净资产额45,010,412.64元按1.1253:1的比例折成4,000万股，每股面值1元，其余5,010,412.64元计入资本公积。2015年12月3日，上海市工商行政管理局核准。"
FN,GOLD-301563-2018-06-28-001,301563,2018-06-28,增资及股权转让,国科瑞华（北京）创业投资合伙企业（有限合伙）,PDF p1,"2018年6月12日，国科瑞华以现金7,412万元认缴新增注册资本254.4787万元；CASREV FUND以1,800万元等值美元认缴61.8万元；中科贵银以1,584万元认缴54.384万元；夏东以204万元认缴7.004万元；南山富海以3,000万元认缴103万元；珠海拓域以1,000万元认缴34.3333万元。每股价格约29.13元，对应投后估值约13.5亿元。注册资本增至4,635万元。"
FN,GOLD-301563-2018-06-28-002,301563,2018-06-28,增资及股权转让,CASREV FUND,PDF p1,"2018年6月12日，国科瑞华以现金7,412万元认缴新增注册资本254.4787万元；CASREV FUND以1,800万元等值美元认缴61.8万元；中科贵银以1,584万元认缴54.384万元；夏东以204万元认缴7.004万元；南山富海以3,000万元认缴103万元；珠海拓域以1,000万元认缴34.3333万元。每股价格约29.13元，对应投后估值约13.5亿元。注册资本增至4,635万元。"
FN,GOLD-301563-2018-06-28-003,301563,2018-06-28,增资及股权转让,中科贵银（贵州）创业投资中心（有限合伙）,PDF p1,"2018年6月12日，国科瑞华以现金7,412万元认缴新增注册资本254.4787万元；CASREV FUND以1,800万元等值美元认缴61.8万元；中科贵银以1,584万元认缴54.384万元；夏东以204万元认缴7.004万元；南山富海以3,000万元认缴103万元；珠海拓域以1,000万元认缴34.3333万元。每股价格约29.13元，对应投后估值约13.5亿元。注册资本增至4,635万元。"
FN,GOLD-301563-2018-06-28-004,301563,2018-06-28,增资及股权转让,深圳南山富海中小企业发展基金合伙企业（有限合伙）,PDF p1,"2018年6月12日，国科瑞华以现金7,412万元认缴新增注册资本254.4787万元；CASREV FUND以1,800万元等值美元认缴61.8万元；中科贵银以1,584万元认缴54.384万元；夏东以204万元认缴7.004万元；南山富海以3,000万元认缴103万元；珠海拓域以1,000万元认缴34.3333万元。每股价格约29.13元，对应投后估值约13.5亿元。注册资本增至4,635万元。"
FN,GOLD-301563-2018-06-28-005,301563,2018-06-28,增资及股权转让,珠海拓域投资合伙企业（有限合伙）,PDF p1,"2018年6月12日，国科瑞华以现金7,412万元认缴新增注册资本254.4787万元；CASREV FUND以1,800万元等值美元认缴61.8万元；中科贵银以1,584万元认缴54.384万元；夏东以204万元认缴7.004万元；南山富海以3,000万元认缴103万元；珠海拓域以1,000万元认缴34.3333万元。每股价格约29.13元，对应投后估值约13.5亿元。注册资本增至4,635万元。"
FN,GOLD-301563-2018-06-28-006,301563,2018-06-28,增资及股权转让,夏东,PDF p1,"2018年6月12日，国科瑞华以现金7,412万元认缴新增注册资本254.4787万元；CASREV FUND以1,800万元等值美元认缴61.8万元；中科贵银以1,584万元认缴54.384万元；夏东以204万元认缴7.004万元；南山富海以3,000万元认缴103万元；珠海拓域以1,000万元认缴34.3333万元。每股价格约29.13元，对应投后估值约13.5亿元。注册资本增至4,635万元。"
FN,GOLD-301563-2020-05-28-001,301563,2020-05-28,增资,火炬电子科技股份有限公司,PDF p1,"2020年5月20日召开临时股东大会，同意注册资本由4,635万元增至4,748.0488万元。火炬电子以现金5,000万元认购新增股份113.0488万股，每股价格约44.23元，对应投后估值约21亿元。"
FN,GOLD-301563-2020-09-23-001,301563,2020-09-23,增资及股权转让,厦门西堤股权投资合伙企业（有限合伙）,PDF p1,"2020年9月15日召开临时股东大会，同意注册资本由4,748.0488万元增至4,883.7074万元。厦门西堤以5,000万元认购96.899万股，中小企业基金以2,000万元认购38.7596万股。每股价格约51.6元，对应投后估值约25.2亿元。"
FN,GOLD-301563-2020-09-23-002,301563,2020-09-23,增资及股权转让,中小企业发展基金（深圳有限合伙）,PDF p1,"2020年9月15日召开临时股东大会，同意注册资本由4,748.0488万元增至4,883.7074万元。厦门西堤以5,000万元认购96.899万股，中小企业基金以2,000万元认购38.7596万股。每股价格约51.6元，对应投后估值约25.2亿元。"
FN,GOLD-301581-2012-06-12-001,301581,2012-06-12,增资,昆山谷捷金属制品有限公司,PDF p1,"2012年4月11日，黄山市供销社出具《关于同意投资昆山谷捷项目的批复》（黄供财[2012]22号），同意设立谷捷有限。2012年5月28日，谷捷有限股东昆山谷捷作出股东决定，同意由昆山谷捷出资1,000万元设立谷捷有限。2012年6月12日，安徽天正达会计师事务所出具《验资报告》，确认谷捷有限已收到昆山谷捷缴纳的注册资本1,000万元，出资方式为货币。设立时昆山谷捷持股100%。"
FN,GOLD-301581-2021-04-13-001,301581,2021-04-13,其他,黄山供销集团有限公司,PDF p1,"2020年12月24日，谷捷有限及昆山谷捷召开股东会，同意谷捷有限吸收合并昆山谷捷。2021年4月7日，谷捷有限召开股东会，吸收合并后注册资本变更为1,200万元（黄山供销集团936万、张俊武132万、周斌132万）。本次吸收合并系同一股权结构下的公司架构调整。截至2021年3月31日，昆山谷捷净资产账面价值380.94万元，谷捷有限净资产账面价值2,912.30万元，评估价值9,651.75万元。"
FN,GOLD-301581-2021-04-13-002,301581,2021-04-13,其他,张俊武,PDF p1,"2020年12月24日，谷捷有限及昆山谷捷召开股东会，同意谷捷有限吸收合并昆山谷捷。2021年4月7日，谷捷有限召开股东会，吸收合并后注册资本变更为1,200万元（黄山供销集团936万、张俊武132万、周斌132万）。本次吸收合并系同一股权结构下的公司架构调整。截至2021年3月31日，昆山谷捷净资产账面价值380.94万元，谷捷有限净资产账面价值2,912.30万元，评估价值9,651.75万元。"
FN,GOLD-301581-2021-04-13-003,301581,2021-04-13,其他,周斌,PDF p1,"2020年12月24日，谷捷有限及昆山谷捷召开股东会，同意谷捷有限吸收合并昆山谷捷。2021年4月7日，谷捷有限召开股东会，吸收合并后注册资本变更为1,200万元（黄山供销集团936万、张俊武132万、周斌132万）。本次吸收合并系同一股权结构下的公司架构调整。截至2021年3月31日，昆山谷捷净资产账面价值380.94万元，谷捷有限净资产账面价值2,912.30万元，评估价值9,651.75万元。"
FN,GOLD-301581-2021-11-11-001,301581,2021-11-11,增资,上海广弘实业有限公司,PDF p1,2021年9月18日，赛格高技术、上汽科技与黄山供销集团、张俊武、周斌及谷捷有限签署《增资协议》，约定谷捷有限增加注册资本514.2857万元，其中赛格高技术认缴462.8571万元、上汽科技认缴51.4286万元，增资价格为22.42元/注册资本，出资方式为货币。增资后：黄山供销集团54.60%、赛格高技术27.00%、张俊武7.70%、周斌7.70%、上汽科技3.00%。
FN,GOLD-301581-2021-11-11-002,301581,2021-11-11,增资,"SAIC TECHNOLOGIES FUND II, LLC",PDF p1,2021年9月18日，赛格高技术、上汽科技与黄山供销集团、张俊武、周斌及谷捷有限签署《增资协议》，约定谷捷有限增加注册资本514.2857万元，其中赛格高技术认缴462.8571万元、上汽科技认缴51.4286万元，增资价格为22.42元/注册资本，出资方式为货币。增资后：黄山供销集团54.60%、赛格高技术27.00%、张俊武7.70%、周斌7.70%、上汽科技3.00%。
FN,GOLD-301581-2022-05-26-001,301581,2022-05-26,增资,黄山佳捷股权管理中心（有限合伙）,PDF p1,"2022年5月20日，谷捷有限召开股东会，同意注册资本由1,714.2857万元增至1,804.5113万元，新增注册资本90.2256万元由员工持股平台黄山佳捷全额认缴。增资价格为23.55元/注册资本，出资方式为货币。增资后：黄山供销集团51.87%、赛格高技术25.65%、张俊武7.315%、周斌7.315%、黄山佳捷5.00%、上汽科技2.85%。"
FN,GOLD-301581-2022-09-13-001,301581,2022-09-13,其他,黄山供销集团有限公司,PDF p1,"2022年8月24日，谷捷有限召开股东会，同意以截至2022年5月31日经审计的净资产20,152.51万元按1:0.29773比例折成6,000万股，每股面值1元，净资产余额14,152.51万元转为资本公积，整体变更后各股东持股比例保持不变。2022年9月13日取得换发营业执照。"
FN,GOLD-301581-2022-09-13-002,301581,2022-09-13,其他,上海广弘实业有限公司,PDF p1,"2022年8月24日，谷捷有限召开股东会，同意以截至2022年5月31日经审计的净资产20,152.51万元按1:0.29773比例折成6,000万股，每股面值1元，净资产余额14,152.51万元转为资本公积，整体变更后各股东持股比例保持不变。2022年9月13日取得换发营业执照。"
FN,GOLD-301581-2022-09-13-003,301581,2022-09-13,其他,张俊武,PDF p1,"2022年8月24日，谷捷有限召开股东会，同意以截至2022年5月31日经审计的净资产20,152.51万元按1:0.29773比例折成6,000万股，每股面值1元，净资产余额14,152.51万元转为资本公积，整体变更后各股东持股比例保持不变。2022年9月13日取得换发营业执照。"
FN,GOLD-301581-2022-09-13-004,301581,2022-09-13,其他,周斌,PDF p1,"2022年8月24日，谷捷有限召开股东会，同意以截至2022年5月31日经审计的净资产20,152.51万元按1:0.29773比例折成6,000万股，每股面值1元，净资产余额14,152.51万元转为资本公积，整体变更后各股东持股比例保持不变。2022年9月13日取得换发营业执照。"
FN,GOLD-301581-2022-09-13-005,301581,2022-09-13,其他,黄山佳捷股权管理中心（有限合伙）,PDF p1,"2022年8月24日，谷捷有限召开股东会，同意以截至2022年5月31日经审计的净资产20,152.51万元按1:0.29773比例折成6,000万股，每股面值1元，净资产余额14,152.51万元转为资本公积，整体变更后各股东持股比例保持不变。2022年9月13日取得换发营业执照。"
FN,GOLD-301581-2022-09-13-006,301581,2022-09-13,其他,"SAIC TECHNOLOGIES FUND II, LLC",PDF p1,"2022年8月24日，谷捷有限召开股东会，同意以截至2022年5月31日经审计的净资产20,152.51万元按1:0.29773比例折成6,000万股，每股面值1元，净资产余额14,152.51万元转为资本公积，整体变更后各股东持股比例保持不变。2022年9月13日取得换发营业执照。"
FN,GOLD-603418-1992-12-04-001,603418,1992-12-04,设立,上海市青浦县徐泾乡工业公司,PDF p40-42,友升有限成立于1992年12月4日，由徐泾工业公司、友升太平洋美国共同出资设立的中外合资有限责任公司，注册资本为400万美元。徐泾工业公司出资240万美元(60%)，友升太平洋美国出资160万美元(40%)。上海青浦会计师事务所分别于1993年8月20日、1996年12月31日出具验资报告，确认友升有限400万美元注册资金已全部到位。
FN,GOLD-603418-1992-12-04-002,603418,1992-12-04,设立,友升太平洋(美国)投资有限公司,PDF p40-42,友升有限成立于1992年12月4日，由徐泾工业公司、友升太平洋美国共同出资设立的中外合资有限责任公司，注册资本为400万美元。徐泾工业公司出资240万美元(60%)，友升太平洋美国出资160万美元(40%)。上海青浦会计师事务所分别于1993年8月20日、1996年12月31日出具验资报告，确认友升有限400万美元注册资金已全部到位。
FN,GOLD-603418-2020-09-09-001,603418,2020-09-09,整体变更,上海泽升贸易有限公司,PDF p41-42,"公司由上海友升铝业有限公司整体变更设立。根据会计师出具的《审计报告》，友升有限截至2020年5月31日的净资产为40,482.37万元。以友升有限截至2020年5月31日的净资产40,482.37万元按3.3735:1的比例折合股本12,000.00万元（每股面值1.00元）。泽升贸易8,976.00万股(74.80%)，达晨创联基金1,800.00万股(15.00%)，共青城泽升1,020.00万股(8.50%)，罗世兵204.00万股(1.70%)。"
FN,GOLD-603418-2020-09-09-002,603418,2020-09-09,整体变更,深圳市达晨创联私募股权投资基金合伙企业(有限合伙),PDF p41-42,"公司由上海友升铝业有限公司整体变更设立。根据会计师出具的《审计报告》，友升有限截至2020年5月31日的净资产为40,482.37万元。以友升有限截至2020年5月31日的净资产40,482.37万元按3.3735:1的比例折合股本12,000.00万元（每股面值1.00元）。泽升贸易8,976.00万股(74.80%)，达晨创联基金1,800.00万股(15.00%)，共青城泽升1,020.00万股(8.50%)，罗世兵204.00万股(1.70%)。"
FN,GOLD-603418-2020-09-09-003,603418,2020-09-09,整体变更,共青城泽升投资管理合伙企业(有限合伙),PDF p41-42,"公司由上海友升铝业有限公司整体变更设立。根据会计师出具的《审计报告》，友升有限截至2020年5月31日的净资产为40,482.37万元。以友升有限截至2020年5月31日的净资产40,482.37万元按3.3735:1的比例折合股本12,000.00万元（每股面值1.00元）。泽升贸易8,976.00万股(74.80%)，达晨创联基金1,800.00万股(15.00%)，共青城泽升1,020.00万股(8.50%)，罗世兵204.00万股(1.70%)。"
FN,GOLD-603418-2020-09-09-004,603418,2020-09-09,整体变更,罗世兵,PDF p41-42,"公司由上海友升铝业有限公司整体变更设立。根据会计师出具的《审计报告》，友升有限截至2020年5月31日的净资产为40,482.37万元。以友升有限截至2020年5月31日的净资产40,482.37万元按3.3735:1的比例折合股本12,000.00万元（每股面值1.00元）。泽升贸易8,976.00万股(74.80%)，达晨创联基金1,800.00万股(15.00%)，共青城泽升1,020.00万股(8.50%)，罗世兵204.00万股(1.70%)。"
FN,GOLD-603418-2020-09-27-001,603418,2020-09-27,增资,上海金浦临港智能科技股权投资基金合伙企业(有限合伙),PDF p42-43,"2020年9月，金浦临港基金、金浦科创基金和上海骁墨与本次增资前公司股东签署《投资协议》，约定金浦临港基金、金浦科创基金和上海骁墨分别以7,000万元、3,000万元和1,500万元认购发行人新增注册资本840万元、360万元和180万元。新增股份的认购价格为8.3333元/股。2020年9月30日完成工商变更。"
FN,GOLD-603418-2020-09-27-002,603418,2020-09-27,增资,上海金浦科技创业股权投资基金合伙企业(有限合伙),PDF p42-43,"2020年9月，金浦临港基金、金浦科创基金和上海骁墨与本次增资前公司股东签署《投资协议》，约定金浦临港基金、金浦科创基金和上海骁墨分别以7,000万元、3,000万元和1,500万元认购发行人新增注册资本840万元、360万元和180万元。新增股份的认购价格为8.3333元/股。2020年9月30日完成工商变更。"
FN,GOLD-603418-2020-09-27-003,603418,2020-09-27,增资,上海骁墨信息技术服务中心(有限合伙),PDF p42-43,"2020年9月，金浦临港基金、金浦科创基金和上海骁墨与本次增资前公司股东签署《投资协议》，约定金浦临港基金、金浦科创基金和上海骁墨分别以7,000万元、3,000万元和1,500万元认购发行人新增注册资本840万元、360万元和180万元。新增股份的认购价格为8.3333元/股。2020年9月30日完成工商变更。"
FN,GOLD-603418-2022-12-19-001,603418,2022-12-19,增资,深圳市杉晖创业投资合伙企业(有限合伙),PDF p43-45,"2022年12月4日，友升股份召开第一届董事会第十六次会议，同意增加注册资本至14,480.1333万元，新增股份的认购价格为33.6323元/股。杉晖创业认购297.3333万股(10,000万元)，上海联炻认购297.3333万股(10,000万元)，安吉璞颉认购148.6667万股(5,000万元)，财投晨源认购89.2万股(3,000万元)，深圳达晨创程认购86.5984万股(2,912.5万元)，杉创智至认购59.4667万股(2,000万元)，杭州达晨创程认购51.959万股(1,747.5万元)，达晨财汇认购29.7333万股(1,000万元)，达晨财智认购29.7333万股(1,000万元)，财智创赢认购10.1093万股(340万元)。合计1,100.1333万股，37,000万元。"
FN,GOLD-603418-2022-12-19-002,603418,2022-12-19,增资,上海联炻企业管理中心(有限合伙),PDF p43-45,"2022年12月4日，友升股份召开第一届董事会第十六次会议，同意增加注册资本至14,480.1333万元，新增股份的认购价格为33.6323元/股。杉晖创业认购297.3333万股(10,000万元)，上海联炻认购297.3333万股(10,000万元)，安吉璞颉认购148.6667万股(5,000万元)，财投晨源认购89.2万股(3,000万元)，深圳达晨创程认购86.5984万股(2,912.5万元)，杉创智至认购59.4667万股(2,000万元)，杭州达晨创程认购51.959万股(1,747.5万元)，达晨财汇认购29.7333万股(1,000万元)，达晨财智认购29.7333万股(1,000万元)，财智创赢认购10.1093万股(340万元)。合计1,100.1333万股，37,000万元。"
FN,GOLD-603418-2022-12-19-003,603418,2022-12-19,增资,安吉璞颉企业管理合伙企业(有限合伙),PDF p43-45,"2022年12月4日，友升股份召开第一届董事会第十六次会议，同意增加注册资本至14,480.1333万元，新增股份的认购价格为33.6323元/股。杉晖创业认购297.3333万股(10,000万元)，上海联炻认购297.3333万股(10,000万元)，安吉璞颉认购148.6667万股(5,000万元)，财投晨源认购89.2万股(3,000万元)，深圳达晨创程认购86.5984万股(2,912.5万元)，杉创智至认购59.4667万股(2,000万元)，杭州达晨创程认购51.959万股(1,747.5万元)，达晨财汇认购29.7333万股(1,000万元)，达晨财智认购29.7333万股(1,000万元)，财智创赢认购10.1093万股(340万元)。合计1,100.1333万股，37,000万元。"
FN,GOLD-603418-2022-12-19-004,603418,2022-12-19,增资,江西赣江新区财投晨源股权投资中心(有限合伙),PDF p43-45,"2022年12月4日，友升股份召开第一届董事会第十六次会议，同意增加注册资本至14,480.1333万元，新增股份的认购价格为33.6323元/股。杉晖创业认购297.3333万股(10,000万元)，上海联炻认购297.3333万股(10,000万元)，安吉璞颉认购148.6667万股(5,000万元)，财投晨源认购89.2万股(3,000万元)，深圳达晨创程认购86.5984万股(2,912.5万元)，杉创智至认购59.4667万股(2,000万元)，杭州达晨创程认购51.959万股(1,747.5万元)，达晨财汇认购29.7333万股(1,000万元)，达晨财智认购29.7333万股(1,000万元)，财智创赢认购10.1093万股(340万元)。合计1,100.1333万股，37,000万元。"
FN,GOLD-603418-2022-12-19-005,603418,2022-12-19,增资,深圳市达晨创程私募股权投资基金企业(有限合伙),PDF p43-45,"2022年12月4日，友升股份召开第一届董事会第十六次会议，同意增加注册资本至14,480.1333万元，新增股份的认购价格为33.6323元/股。杉晖创业认购297.3333万股(10,000万元)，上海联炻认购297.3333万股(10,000万元)，安吉璞颉认购148.6667万股(5,000万元)，财投晨源认购89.2万股(3,000万元)，深圳达晨创程认购86.5984万股(2,912.5万元)，杉创智至认购59.4667万股(2,000万元)，杭州达晨创程认购51.959万股(1,747.5万元)，达晨财汇认购29.7333万股(1,000万元)，达晨财智认购29.7333万股(1,000万元)，财智创赢认购10.1093万股(340万元)。合计1,100.1333万股，37,000万元。"
FN,GOLD-603418-2022-12-19-006,603418,2022-12-19,增资,上海杉创智至创业投资合伙企业(有限合伙),PDF p43-45,"2022年12月4日，友升股份召开第一届董事会第十六次会议，同意增加注册资本至14,480.1333万元，新增股份的认购价格为33.6323元/股。杉晖创业认购297.3333万股(10,000万元)，上海联炻认购297.3333万股(10,000万元)，安吉璞颉认购148.6667万股(5,000万元)，财投晨源认购89.2万股(3,000万元)，深圳达晨创程认购86.5984万股(2,912.5万元)，杉创智至认购59.4667万股(2,000万元)，杭州达晨创程认购51.959万股(1,747.5万元)，达晨财汇认购29.7333万股(1,000万元)，达晨财智认购29.7333万股(1,000万元)，财智创赢认购10.1093万股(340万元)。合计1,100.1333万股，37,000万元。"
FN,GOLD-603418-2022-12-19-007,603418,2022-12-19,增资,杭州达晨创程股权投资基金合伙企业(有限合伙),PDF p43-45,"2022年12月4日，友升股份召开第一届董事会第十六次会议，同意增加注册资本至14,480.1333万元，新增股份的认购价格为33.6323元/股。杉晖创业认购297.3333万股(10,000万元)，上海联炻认购297.3333万股(10,000万元)，安吉璞颉认购148.6667万股(5,000万元)，财投晨源认购89.2万股(3,000万元)，深圳达晨创程认购86.5984万股(2,912.5万元)，杉创智至认购59.4667万股(2,000万元)，杭州达晨创程认购51.959万股(1,747.5万元)，达晨财汇认购29.7333万股(1,000万元)，达晨财智认购29.7333万股(1,000万元)，财智创赢认购10.1093万股(340万元)。合计1,100.1333万股，37,000万元。"
FN,GOLD-603418-2022-12-19-008,603418,2022-12-19,增资,海南三亚达晨财汇私募股权投资基金合伙企业(有限合伙),PDF p43-45,"2022年12月4日，友升股份召开第一届董事会第十六次会议，同意增加注册资本至14,480.1333万元，新增股份的认购价格为33.6323元/股。杉晖创业认购297.3333万股(10,000万元)，上海联炻认购297.3333万股(10,000万元)，安吉璞颉认购148.6667万股(5,000万元)，财投晨源认购89.2万股(3,000万元)，深圳达晨创程认购86.5984万股(2,912.5万元)，杉创智至认购59.4667万股(2,000万元)，杭州达晨创程认购51.959万股(1,747.5万元)，达晨财汇认购29.7333万股(1,000万元)，达晨财智认购29.7333万股(1,000万元)，财智创赢认购10.1093万股(340万元)。合计1,100.1333万股，37,000万元。"
FN,GOLD-603418-2022-12-19-009,603418,2022-12-19,增资,深圳市达晨财智创业投资管理有限公司,PDF p43-45,"2022年12月4日，友升股份召开第一届董事会第十六次会议，同意增加注册资本至14,480.1333万元，新增股份的认购价格为33.6323元/股。杉晖创业认购297.3333万股(10,000万元)，上海联炻认购297.3333万股(10,000万元)，安吉璞颉认购148.6667万股(5,000万元)，财投晨源认购89.2万股(3,000万元)，深圳达晨创程认购86.5984万股(2,912.5万元)，杉创智至认购59.4667万股(2,000万元)，杭州达晨创程认购51.959万股(1,747.5万元)，达晨财汇认购29.7333万股(1,000万元)，达晨财智认购29.7333万股(1,000万元)，财智创赢认购10.1093万股(340万元)。合计1,100.1333万股，37,000万元。"
FN,GOLD-603418-2022-12-19-010,603418,2022-12-19,增资,深圳市财智创赢私募股权投资企业(有限合伙),PDF p43-45,"2022年12月4日，友升股份召开第一届董事会第十六次会议，同意增加注册资本至14,480.1333万元，新增股份的认购价格为33.6323元/股。杉晖创业认购297.3333万股(10,000万元)，上海联炻认购297.3333万股(10,000万元)，安吉璞颉认购148.6667万股(5,000万元)，财投晨源认购89.2万股(3,000万元)，深圳达晨创程认购86.5984万股(2,912.5万元)，杉创智至认购59.4667万股(2,000万元)，杭州达晨创程认购51.959万股(1,747.5万元)，达晨财汇认购29.7333万股(1,000万元)，达晨财智认购29.7333万股(1,000万元)，财智创赢认购10.1093万股(340万元)。合计1,100.1333万股，37,000万元。"
FN,GOLD-688758-2009-03-001,688758,2009-03,增资,黄学英,PDF p2,苏州众勤会计师事务所有限公司出具苏众勤（2009）第...号验资报告...赛分有限（筹）股东黄学英、沈建林、潘鼎签署了《苏州赛分科技有限公司章程》。江苏省苏州工商行政管理局出具《名称预先登记核准通知书》。
FN,GOLD-688758-2009-03-002,688758,2009-03,增资,沈建林,PDF p2,苏州众勤会计师事务所有限公司出具苏众勤（2009）第...号验资报告...赛分有限（筹）股东黄学英、沈建林、潘鼎签署了《苏州赛分科技有限公司章程》。江苏省苏州工商行政管理局出具《名称预先登记核准通知书》。
FN,GOLD-688758-2009-03-003,688758,2009-03,增资,潘鼎,PDF p2,苏州众勤会计师事务所有限公司出具苏众勤（2009）第...号验资报告...赛分有限（筹）股东黄学英、沈建林、潘鼎签署了《苏州赛分科技有限公司章程》。江苏省苏州工商行政管理局出具《名称预先登记核准通知书》。
FN,GOLD-688758-2015-08-001,688758,2015-08,增资,安徽高新同华创业投资基金（有限合伙）,PDF p57-58,2015年8月签署的《增资协议》中第五条'业绩承诺和补偿'，各方不再根据被终止条款享有任何权利或承担任何义务，作为补偿，黄学英同意以合计人民币0元的价格向高新同华转让其所持有的赛分有限22万元注册资本。双方将另行签署《股权转让协议》。
FN,GOLD-688758-2021-04-001,688758,2021-04,增资及股权转让,上海复星惟盈股权投资基金合伙企业（有限合伙）,PDF p55-56,"2021年2月24日，黄学英与复星惟盈、唐斌、张敏签署了《股权转让协议》。具体情况如下：黄学英向复星惟盈转让37.3190万元注册资本，转让单价51.52元/注册资本，转让价格1,922.8571万元；向朱勤华转让19.4081万元注册资本，转让价格1,000.0000万元；向唐斌转让0.8872万元注册资本，转让价格45.7143万元；向张敏转让0.6100万元注册资本，转让价格31.4286万元。注：上述表格中转让单价和转让金额之间的细微差异，系计算过程四舍五入造成。"
FN,GOLD-688758-2021-04-002,688758,2021-04,增资及股权转让,唐斌,PDF p55-56,"2021年2月24日，黄学英与复星惟盈、唐斌、张敏签署了《股权转让协议》。具体情况如下：黄学英向复星惟盈转让37.3190万元注册资本，转让单价51.52元/注册资本，转让价格1,922.8571万元；向朱勤华转让19.4081万元注册资本，转让价格1,000.0000万元；向唐斌转让0.8872万元注册资本，转让价格45.7143万元；向张敏转让0.6100万元注册资本，转让价格31.4286万元。注：上述表格中转让单价和转让金额之间的细微差异，系计算过程四舍五入造成。"
FN,GOLD-688758-2021-04-003,688758,2021-04,增资及股权转让,张敏,PDF p55-56,"2021年2月24日，黄学英与复星惟盈、唐斌、张敏签署了《股权转让协议》。具体情况如下：黄学英向复星惟盈转让37.3190万元注册资本，转让单价51.52元/注册资本，转让价格1,922.8571万元；向朱勤华转让19.4081万元注册资本，转让价格1,000.0000万元；向唐斌转让0.8872万元注册资本，转让价格45.7143万元；向张敏转让0.6100万元注册资本，转让价格31.4286万元。注：上述表格中转让单价和转让金额之间的细微差异，系计算过程四舍五入造成。"
FN,GOLD-688758-2021-09-16-001,688758,2021-09-16,其他,黄学英,PDF p52-53,"2021年9月16日，赛分科技就整体变更为股份有限公司事项办理完毕工商变更登记手续，取得了江苏省市场监督管理局换发的《营业执照》。整体变更为股份有限公司后，赛分科技的股权结构如下：黄学英持股8,031,668股（29.1989%）；周金清持股2,800,000股（10.1793%）；高新同华持股2,700,000股（9.8158%）；陆民持股2,574,000股（9.3577%）；国寿疌泉持股2,500,615股（9.0909%）；华泰大健康一号持股1,751,887股（6.3689%）；苏州贤达持股1,341,500股（4.8770%）；复星惟盈持股1,263,621股（4.5939%）。"
FN,GOLD-688758-2021-09-16-002,688758,2021-09-16,其他,周金清,PDF p52-53,"2021年9月16日，赛分科技就整体变更为股份有限公司事项办理完毕工商变更登记手续，取得了江苏省市场监督管理局换发的《营业执照》。整体变更为股份有限公司后，赛分科技的股权结构如下：黄学英持股8,031,668股（29.1989%）；周金清持股2,800,000股（10.1793%）；高新同华持股2,700,000股（9.8158%）；陆民持股2,574,000股（9.3577%）；国寿疌泉持股2,500,615股（9.0909%）；华泰大健康一号持股1,751,887股（6.3689%）；苏州贤达持股1,341,500股（4.8770%）；复星惟盈持股1,263,621股（4.5939%）。"
FN,GOLD-688758-2021-09-16-003,688758,2021-09-16,其他,高新同华,PDF p52-53,"2021年9月16日，赛分科技就整体变更为股份有限公司事项办理完毕工商变更登记手续，取得了江苏省市场监督管理局换发的《营业执照》。整体变更为股份有限公司后，赛分科技的股权结构如下：黄学英持股8,031,668股（29.1989%）；周金清持股2,800,000股（10.1793%）；高新同华持股2,700,000股（9.8158%）；陆民持股2,574,000股（9.3577%）；国寿疌泉持股2,500,615股（9.0909%）；华泰大健康一号持股1,751,887股（6.3689%）；苏州贤达持股1,341,500股（4.8770%）；复星惟盈持股1,263,621股（4.5939%）。"
FN,GOLD-688758-2021-09-16-004,688758,2021-09-16,其他,陆民,PDF p52-53,"2021年9月16日，赛分科技就整体变更为股份有限公司事项办理完毕工商变更登记手续，取得了江苏省市场监督管理局换发的《营业执照》。整体变更为股份有限公司后，赛分科技的股权结构如下：黄学英持股8,031,668股（29.1989%）；周金清持股2,800,000股（10.1793%）；高新同华持股2,700,000股（9.8158%）；陆民持股2,574,000股（9.3577%）；国寿疌泉持股2,500,615股（9.0909%）；华泰大健康一号持股1,751,887股（6.3689%）；苏州贤达持股1,341,500股（4.8770%）；复星惟盈持股1,263,621股（4.5939%）。"
FN,GOLD-688758-2021-09-16-005,688758,2021-09-16,其他,国寿疌泉,PDF p52-53,"2021年9月16日，赛分科技就整体变更为股份有限公司事项办理完毕工商变更登记手续，取得了江苏省市场监督管理局换发的《营业执照》。整体变更为股份有限公司后，赛分科技的股权结构如下：黄学英持股8,031,668股（29.1989%）；周金清持股2,800,000股（10.1793%）；高新同华持股2,700,000股（9.8158%）；陆民持股2,574,000股（9.3577%）；国寿疌泉持股2,500,615股（9.0909%）；华泰大健康一号持股1,751,887股（6.3689%）；苏州贤达持股1,341,500股（4.8770%）；复星惟盈持股1,263,621股（4.5939%）。"
FN,GOLD-688758-2021-09-16-006,688758,2021-09-16,其他,华泰大健康一号,PDF p52-53,"2021年9月16日，赛分科技就整体变更为股份有限公司事项办理完毕工商变更登记手续，取得了江苏省市场监督管理局换发的《营业执照》。整体变更为股份有限公司后，赛分科技的股权结构如下：黄学英持股8,031,668股（29.1989%）；周金清持股2,800,000股（10.1793%）；高新同华持股2,700,000股（9.8158%）；陆民持股2,574,000股（9.3577%）；国寿疌泉持股2,500,615股（9.0909%）；华泰大健康一号持股1,751,887股（6.3689%）；苏州贤达持股1,341,500股（4.8770%）；复星惟盈持股1,263,621股（4.5939%）。"
FN,GOLD-688758-2021-09-16-007,688758,2021-09-16,其他,苏州贤达,PDF p52-53,"2021年9月16日，赛分科技就整体变更为股份有限公司事项办理完毕工商变更登记手续，取得了江苏省市场监督管理局换发的《营业执照》。整体变更为股份有限公司后，赛分科技的股权结构如下：黄学英持股8,031,668股（29.1989%）；周金清持股2,800,000股（10.1793%）；高新同华持股2,700,000股（9.8158%）；陆民持股2,574,000股（9.3577%）；国寿疌泉持股2,500,615股（9.0909%）；华泰大健康一号持股1,751,887股（6.3689%）；苏州贤达持股1,341,500股（4.8770%）；复星惟盈持股1,263,621股（4.5939%）。"
FN,GOLD-688758-2021-09-16-008,688758,2021-09-16,其他,复星惟盈,PDF p52-53,"2021年9月16日，赛分科技就整体变更为股份有限公司事项办理完毕工商变更登记手续，取得了江苏省市场监督管理局换发的《营业执照》。整体变更为股份有限公司后，赛分科技的股权结构如下：黄学英持股8,031,668股（29.1989%）；周金清持股2,800,000股（10.1793%）；高新同华持股2,700,000股（9.8158%）；陆民持股2,574,000股（9.3577%）；国寿疌泉持股2,500,615股（9.0909%）；华泰大健康一号持股1,751,887股（6.3689%）；苏州贤达持股1,341,500股（4.8770%）；复星惟盈持股1,263,621股（4.5939%）。"
FN,GOLD-688758-2021-11-001,688758,2021-11,增资,源峰磐赛（深圳）股权投资中心（有限合伙）,PDF p59-61,"2021年10月28日，上述新增股东与赛分科技签署了《增资协议》。截至2021年11月，上述新增股东已支付完毕全部增资款。本次增资具体情况如下：源峰磐赛认购1,571,815股，股份价格127.24元/股，认购金额20,000.00万元；珠海峦恒认购628,726股，认购金额8,000.00万元；高瓴祈睿认购628,726股，认购金额8,000.00万元；国药中生认购461,846股，认购金额5,876.59万元；圣成投资认购9,699股，认购金额123.41万元；国药二期认购155,625股，认购金额1,980.20万元；圣祁投资认购1,556股，认购金额19.80万元；夏尔巴二期认购392,954股，认购金额5,000.00万元；甘李药业认购235,772股，认购金额3,000.00万元；吴征涛认购157,182股，认购金额2,000.00万元。合计4,243,901股，54,000.00万元。注：上述表格中增资单价和增资金额之间的细微差异，系计算过程四舍五入造成。"
FN,GOLD-688758-2021-11-002,688758,2021-11,增资,珠海峦恒投资合伙企业（有限合伙）,PDF p59-61,"2021年10月28日，上述新增股东与赛分科技签署了《增资协议》。截至2021年11月，上述新增股东已支付完毕全部增资款。本次增资具体情况如下：源峰磐赛认购1,571,815股，股份价格127.24元/股，认购金额20,000.00万元；珠海峦恒认购628,726股，认购金额8,000.00万元；高瓴祈睿认购628,726股，认购金额8,000.00万元；国药中生认购461,846股，认购金额5,876.59万元；圣成投资认购9,699股，认购金额123.41万元；国药二期认购155,625股，认购金额1,980.20万元；圣祁投资认购1,556股，认购金额19.80万元；夏尔巴二期认购392,954股，认购金额5,000.00万元；甘李药业认购235,772股，认购金额3,000.00万元；吴征涛认购157,182股，认购金额2,000.00万元。合计4,243,901股，54,000.00万元。注：上述表格中增资单价和增资金额之间的细微差异，系计算过程四舍五入造成。"
FN,GOLD-688758-2021-11-003,688758,2021-11,增资,高瓴祈睿医疗健康私募投资基金（有限合伙）,PDF p59-61,"2021年10月28日，上述新增股东与赛分科技签署了《增资协议》。截至2021年11月，上述新增股东已支付完毕全部增资款。本次增资具体情况如下：源峰磐赛认购1,571,815股，股份价格127.24元/股，认购金额20,000.00万元；珠海峦恒认购628,726股，认购金额8,000.00万元；高瓴祈睿认购628,726股，认购金额8,000.00万元；国药中生认购461,846股，认购金额5,876.59万元；圣成投资认购9,699股，认购金额123.41万元；国药二期认购155,625股，认购金额1,980.20万元；圣祁投资认购1,556股，认购金额19.80万元；夏尔巴二期认购392,954股，认购金额5,000.00万元；甘李药业认购235,772股，认购金额3,000.00万元；吴征涛认购157,182股，认购金额2,000.00万元。合计4,243,901股，54,000.00万元。注：上述表格中增资单价和增资金额之间的细微差异，系计算过程四舍五入造成。"
FN,GOLD-688758-2021-11-004,688758,2021-11,增资,国药中生（上海）生物股权投资基金合伙企业（有限合伙）,PDF p59-61,"2021年10月28日，上述新增股东与赛分科技签署了《增资协议》。截至2021年11月，上述新增股东已支付完毕全部增资款。本次增资具体情况如下：源峰磐赛认购1,571,815股，股份价格127.24元/股，认购金额20,000.00万元；珠海峦恒认购628,726股，认购金额8,000.00万元；高瓴祈睿认购628,726股，认购金额8,000.00万元；国药中生认购461,846股，认购金额5,876.59万元；圣成投资认购9,699股，认购金额123.41万元；国药二期认购155,625股，认购金额1,980.20万元；圣祁投资认购1,556股，认购金额19.80万元；夏尔巴二期认购392,954股，认购金额5,000.00万元；甘李药业认购235,772股，认购金额3,000.00万元；吴征涛认购157,182股，认购金额2,000.00万元。合计4,243,901股，54,000.00万元。注：上述表格中增资单价和增资金额之间的细微差异，系计算过程四舍五入造成。"
FN,GOLD-688758-2021-11-005,688758,2021-11,增资,国药二期（上海）生物医药投资中心（有限合伙）,PDF p59-61,"2021年10月28日，上述新增股东与赛分科技签署了《增资协议》。截至2021年11月，上述新增股东已支付完毕全部增资款。本次增资具体情况如下：源峰磐赛认购1,571,815股，股份价格127.24元/股，认购金额20,000.00万元；珠海峦恒认购628,726股，认购金额8,000.00万元；高瓴祈睿认购628,726股，认购金额8,000.00万元；国药中生认购461,846股，认购金额5,876.59万元；圣成投资认购9,699股，认购金额123.41万元；国药二期认购155,625股，认购金额1,980.20万元；圣祁投资认购1,556股，认购金额19.80万元；夏尔巴二期认购392,954股，认购金额5,000.00万元；甘李药业认购235,772股，认购金额3,000.00万元；吴征涛认购157,182股，认购金额2,000.00万元。合计4,243,901股，54,000.00万元。注：上述表格中增资单价和增资金额之间的细微差异，系计算过程四舍五入造成。"
FN,GOLD-688758-2021-11-006,688758,2021-11,增资,珠海夏尔巴二期股权投资合伙企业（有限合伙）,PDF p59-61,"2021年10月28日，上述新增股东与赛分科技签署了《增资协议》。截至2021年11月，上述新增股东已支付完毕全部增资款。本次增资具体情况如下：源峰磐赛认购1,571,815股，股份价格127.24元/股，认购金额20,000.00万元；珠海峦恒认购628,726股，认购金额8,000.00万元；高瓴祈睿认购628,726股，认购金额8,000.00万元；国药中生认购461,846股，认购金额5,876.59万元；圣成投资认购9,699股，认购金额123.41万元；国药二期认购155,625股，认购金额1,980.20万元；圣祁投资认购1,556股，认购金额19.80万元；夏尔巴二期认购392,954股，认购金额5,000.00万元；甘李药业认购235,772股，认购金额3,000.00万元；吴征涛认购157,182股，认购金额2,000.00万元。合计4,243,901股，54,000.00万元。注：上述表格中增资单价和增资金额之间的细微差异，系计算过程四舍五入造成。"
FN,GOLD-688758-2021-11-007,688758,2021-11,增资,甘李药业股份有限公司,PDF p59-61,"2021年10月28日，上述新增股东与赛分科技签署了《增资协议》。截至2021年11月，上述新增股东已支付完毕全部增资款。本次增资具体情况如下：源峰磐赛认购1,571,815股，股份价格127.24元/股，认购金额20,000.00万元；珠海峦恒认购628,726股，认购金额8,000.00万元；高瓴祈睿认购628,726股，认购金额8,000.00万元；国药中生认购461,846股，认购金额5,876.59万元；圣成投资认购9,699股，认购金额123.41万元；国药二期认购155,625股，认购金额1,980.20万元；圣祁投资认购1,556股，认购金额19.80万元；夏尔巴二期认购392,954股，认购金额5,000.00万元；甘李药业认购235,772股，认购金额3,000.00万元；吴征涛认购157,182股，认购金额2,000.00万元。合计4,243,901股，54,000.00万元。注：上述表格中增资单价和增资金额之间的细微差异，系计算过程四舍五入造成。"
FN,GOLD-688758-2021-11-008,688758,2021-11,增资,吴征涛,PDF p59-61,"2021年10月28日，上述新增股东与赛分科技签署了《增资协议》。截至2021年11月，上述新增股东已支付完毕全部增资款。本次增资具体情况如下：源峰磐赛认购1,571,815股，股份价格127.24元/股，认购金额20,000.00万元；珠海峦恒认购628,726股，认购金额8,000.00万元；高瓴祈睿认购628,726股，认购金额8,000.00万元；国药中生认购461,846股，认购金额5,876.59万元；圣成投资认购9,699股，认购金额123.41万元；国药二期认购155,625股，认购金额1,980.20万元；圣祁投资认购1,556股，认购金额19.80万元；夏尔巴二期认购392,954股，认购金额5,000.00万元；甘李药业认购235,772股，认购金额3,000.00万元；吴征涛认购157,182股，认购金额2,000.00万元。合计4,243,901股，54,000.00万元。注：上述表格中增资单价和增资金额之间的细微差异，系计算过程四舍五入造成。"
FN,GOLD-688758-2021-11-009,688758,2021-11,增资,圣成投资管理（上海）有限公司,PDF p59-61,"2021年10月28日，上述新增股东与赛分科技签署了《增资协议》。截至2021年11月，上述新增股东已支付完毕全部增资款。本次增资具体情况如下：源峰磐赛认购1,571,815股，股份价格127.24元/股，认购金额20,000.00万元；珠海峦恒认购628,726股，认购金额8,000.00万元；高瓴祈睿认购628,726股，认购金额8,000.00万元；国药中生认购461,846股，认购金额5,876.59万元；圣成投资认购9,699股，认购金额123.41万元；国药二期认购155,625股，认购金额1,980.20万元；圣祁投资认购1,556股，认购金额19.80万元；夏尔巴二期认购392,954股，认购金额5,000.00万元；甘李药业认购235,772股，认购金额3,000.00万元；吴征涛认购157,182股，认购金额2,000.00万元。合计4,243,901股，54,000.00万元。注：上述表格中增资单价和增资金额之间的细微差异，系计算过程四舍五入造成。"
FN,GOLD-688758-2021-11-010,688758,2021-11,增资,圣祁投资管理（上海）有限公司,PDF p59-61,"2021年10月28日，上述新增股东与赛分科技签署了《增资协议》。截至2021年11月，上述新增股东已支付完毕全部增资款。本次增资具体情况如下：源峰磐赛认购1,571,815股，股份价格127.24元/股，认购金额20,000.00万元；珠海峦恒认购628,726股，认购金额8,000.00万元；高瓴祈睿认购628,726股，认购金额8,000.00万元；国药中生认购461,846股，认购金额5,876.59万元；圣成投资认购9,699股，认购金额123.41万元；国药二期认购155,625股，认购金额1,980.20万元；圣祁投资认购1,556股，认购金额19.80万元；夏尔巴二期认购392,954股，认购金额5,000.00万元；甘李药业认购235,772股，认购金额3,000.00万元；吴征涛认购157,182股，认购金额2,000.00万元。合计4,243,901股，54,000.00万元。注：上述表格中增资单价和增资金额之间的细微差异，系计算过程四舍五入造成。"
FN,GOLD-688775-2015-01-001,688775,2015-01,增资,EARN ACE LIMITED,PDF p42,2014年5月，刘靖康带领的管理团队得到IDG等投资机构的投资意向，并拟搭建VIE架构用于接受境外投资。自公司VIE架构的搭建至其拆除期间，开曼岚锋持续引入新投资人。EARN ACE LIMITED为早期进入的境外投资方。
FN,GOLD-688775-2015-07-09-001,688775,2015-07-09,增资,北京岚锋创视网络科技有限公司,PDF p1,"2015年7月9日，北京岚锋以货币出资方式设立深圳岚锋，公司注册资本1,000.00万元。深圳岚锋设立时，股东情况为：北京岚锋100%。"
FN,GOLD-688775-2016-01-001,688775,2016-01,增资,QM101 Limited,PDF p42,自公司VIE架构的搭建至其拆除期间，开曼岚锋持续引入新投资人。QM101 Limited（启明创投IV期基金）通过开曼岚锋持有公司权益。
FN,GOLD-688775-2017-01-001,688775,2017-01,增资,香港迅雷有限公司,PDF p42,开曼岚锋持续引入新投资人，香港迅雷（Xunlei Network Technologies Limited）和厦门富凯通过开曼岚锋持有公司权益。
FN,GOLD-688775-2017-01-002,688775,2017-01,增资,厦门富凯海创投资管理有限责任公司,PDF p42,开曼岚锋持续引入新投资人，香港迅雷（Xunlei Network Technologies Limited）和厦门富凯通过开曼岚锋持有公司权益。
FN,GOLD-688775-2018-01-001,688775,2018-01,增资,深圳市伊敦传媒投资基金合伙企业（有限合伙）,PDF p42,开曼岚锋持续引入新投资人。伊敦传媒(苏宁)、华金同达、中证投资、金石智娱通过开曼岚锋持有公司权益。容诚验字[2020]518Z0004号验资报告验证有限公司设立及六次增资扩股均已实缴到位。
FN,GOLD-688775-2018-01-002,688775,2018-01,增资,华金同达（深圳）投资合伙企业（有限合伙）,PDF p42,开曼岚锋持续引入新投资人。伊敦传媒(苏宁)、华金同达、中证投资、金石智娱通过开曼岚锋持有公司权益。容诚验字[2020]518Z0004号验资报告验证有限公司设立及六次增资扩股均已实缴到位。
FN,GOLD-688775-2018-01-003,688775,2018-01,增资,深圳中证投资有限责任公司,PDF p42,开曼岚锋持续引入新投资人。伊敦传媒(苏宁)、华金同达、中证投资、金石智娱通过开曼岚锋持有公司权益。容诚验字[2020]518Z0004号验资报告验证有限公司设立及六次增资扩股均已实缴到位。
FN,GOLD-688775-2018-01-004,688775,2018-01,增资,金石智娱股权投资（深圳）合伙企业（有限合伙）,PDF p42,开曼岚锋持续引入新投资人。伊敦传媒(苏宁)、华金同达、中证投资、金石智娱通过开曼岚锋持有公司权益。容诚验字[2020]518Z0004号验资报告验证有限公司设立及六次增资扩股均已实缴到位。
FN,GOLD-688775-2020-02-26-001,688775,2020-02-26,其他,北京岚锋创视网络科技有限公司,PDF p1,"截至2019年10月31日，深圳岚锋账面净资产52,728.05万元。全体股东以其拥有的净资产52,728.05万元出资，按1:1.4647比例折合股本36,000.00万元，其余计入资本公积。2020年2月26日，深圳市市场监督管理局核准。股改后27名股东，北京岚锋29.9376%、EARN ACE 13.3239%、QM101 9.4001%、香港迅雷8.7327%等。"
FN,GOLD-688775-2020-02-26-002,688775,2020-02-26,其他,EARN ACE LIMITED,PDF p1,"截至2019年10月31日，深圳岚锋账面净资产52,728.05万元。全体股东以其拥有的净资产52,728.05万元出资，按1:1.4647比例折合股本36,000.00万元，其余计入资本公积。2020年2月26日，深圳市市场监督管理局核准。股改后27名股东，北京岚锋29.9376%、EARN ACE 13.3239%、QM101 9.4001%、香港迅雷8.7327%等。"
FN,GOLD-688775-2020-02-26-003,688775,2020-02-26,其他,QM101 Limited,PDF p1,"截至2019年10月31日，深圳岚锋账面净资产52,728.05万元。全体股东以其拥有的净资产52,728.05万元出资，按1:1.4647比例折合股本36,000.00万元，其余计入资本公积。2020年2月26日，深圳市市场监督管理局核准。股改后27名股东，北京岚锋29.9376%、EARN ACE 13.3239%、QM101 9.4001%、香港迅雷8.7327%等。"
FN,GOLD-688775-2020-02-26-004,688775,2020-02-26,其他,香港迅雷有限公司,PDF p1,"截至2019年10月31日，深圳岚锋账面净资产52,728.05万元。全体股东以其拥有的净资产52,728.05万元出资，按1:1.4647比例折合股本36,000.00万元，其余计入资本公积。2020年2月26日，深圳市市场监督管理局核准。股改后27名股东，北京岚锋29.9376%、EARN ACE 13.3239%、QM101 9.4001%、香港迅雷8.7327%等。"
FN,GOLD-920100-2002-11-07-001,920100,2002-11-07,设立,盛祎,PDF p30,"公司全称: 常州三协电机股份有限公司。证券代码: 920100。注册资本: 5,310.93万元。法定代表人: 盛祎。成立日期: 2002年11月7日。2002年11月至今，盛祎担任三协电机总经理，股份公司成立后担任董事长。截至本招股说明书签署日，盛祎直接持有62.97%股份，朱绶青直接持有19.49%股份，合计控制82.46%股份。"
FN,GOLD-920100-2002-11-07-002,920100,2002-11-07,设立,朱绶青,PDF p30,"公司全称: 常州三协电机股份有限公司。证券代码: 920100。注册资本: 5,310.93万元。法定代表人: 盛祎。成立日期: 2002年11月7日。2002年11月至今，盛祎担任三协电机总经理，股份公司成立后担任董事长。截至本招股说明书签署日，盛祎直接持有62.97%股份，朱绶青直接持有19.49%股份，合计控制82.46%股份。"
FN,GOLD-920100-2023-09-06-001,920100,2023-09-06,增资,盛祎、盛松、薛小丽、倪进宽、余方成、吴春扣、陆宇君、戈翔俊、陈都亮、圣利、董雪强、文涛、付荷庆、陈韵、盛月瑶,PDF p32,"2023年5月26日，公司召开第二届董事会第十三次会议审议通过了《关于<常州三协电机股份有限公司股票定向发行说明书>的议案》。本次股票拟发行价格为5.41元/股，拟发行普通股321.50万股，拟募集资金总额为1,739.32万元。2023年9月8日，苏亚金诚出具《验资报告》，经审验，截至2023年9月6日，公司已收到盛祎、盛松、薛小丽、倪进宽、余方成、吴春扣、陆宇君、戈翔俊、陈都亮、圣利、董雪强、文涛、付荷庆、陈韵和盛月瑶15名认购人缴纳的出资款1,723.09万元。"
FN,GOLD-920116-2016-12-14-001,920116,2016-12-14,设立,四方股份,PDF p48,"2016年12月，四方股份、罗永红、王金林共同出资设立星图测控有限，其中，四方股份出资1,200万元（对应持有星图测控有限60%股权）；罗永红出资400万元（对应持有星图测控有限20%股权）；王金林出资400万元（对应持有星图测控有限20%股权）。罗永红、王金林于测控有限设立时所持有的全部股权分别系为牛威和吴功友代持。"
FN,GOLD-920116-2016-12-14-002,920116,2016-12-14,设立,牛威(罗永红代持),PDF p48,"2016年12月，四方股份、罗永红、王金林共同出资设立星图测控有限，其中，四方股份出资1,200万元（对应持有星图测控有限60%股权）；罗永红出资400万元（对应持有星图测控有限20%股权）；王金林出资400万元（对应持有星图测控有限20%股权）。罗永红、王金林于测控有限设立时所持有的全部股权分别系为牛威和吴功友代持。"
FN,GOLD-920116-2016-12-14-003,920116,2016-12-14,设立,吴功友(王金林代持),PDF p48,"2016年12月，四方股份、罗永红、王金林共同出资设立星图测控有限，其中，四方股份出资1,200万元（对应持有星图测控有限60%股权）；罗永红出资400万元（对应持有星图测控有限20%股权）；王金林出资400万元（对应持有星图测控有限20%股权）。罗永红、王金林于测控有限设立时所持有的全部股权分别系为牛威和吴功友代持。"
FN,GOLD-920116-2024-06-30-001,920116,2024-06-30,其他,中科星图股份有限公司,PDF p47,"截至本招股说明书签署日，公司总股本为82,500,000股。本次发行前股本结构：中科星图38,250,000股(46.36%)，策星九天23,450,781股(28.43%)，幸福一期9,174,219股(11.12%)，策星揽月4,125,000股(5.00%)，幸福二期3,000,000股(3.64%)，策星银河2,790,000股(3.38%)，策星逐日1,710,000股(2.07%)。合计82,500,000股(100.00%)。"
FN,GOLD-920116-2024-06-30-002,920116,2024-06-30,其他,策星九天,PDF p47,"截至本招股说明书签署日，公司总股本为82,500,000股。本次发行前股本结构：中科星图38,250,000股(46.36%)，策星九天23,450,781股(28.43%)，幸福一期9,174,219股(11.12%)，策星揽月4,125,000股(5.00%)，幸福二期3,000,000股(3.64%)，策星银河2,790,000股(3.38%)，策星逐日1,710,000股(2.07%)。合计82,500,000股(100.00%)。"
FN,GOLD-920116-2024-06-30-003,920116,2024-06-30,其他,幸福一期,PDF p47,"截至本招股说明书签署日，公司总股本为82,500,000股。本次发行前股本结构：中科星图38,250,000股(46.36%)，策星九天23,450,781股(28.43%)，幸福一期9,174,219股(11.12%)，策星揽月4,125,000股(5.00%)，幸福二期3,000,000股(3.64%)，策星银河2,790,000股(3.38%)，策星逐日1,710,000股(2.07%)。合计82,500,000股(100.00%)。"
FN,GOLD-920116-2024-06-30-004,920116,2024-06-30,其他,策星揽月,PDF p47,"截至本招股说明书签署日，公司总股本为82,500,000股。本次发行前股本结构：中科星图38,250,000股(46.36%)，策星九天23,450,781股(28.43%)，幸福一期9,174,219股(11.12%)，策星揽月4,125,000股(5.00%)，幸福二期3,000,000股(3.64%)，策星银河2,790,000股(3.38%)，策星逐日1,710,000股(2.07%)。合计82,500,000股(100.00%)。"
FN,GOLD-920116-2024-06-30-005,920116,2024-06-30,其他,幸福二期,PDF p47,"截至本招股说明书签署日，公司总股本为82,500,000股。本次发行前股本结构：中科星图38,250,000股(46.36%)，策星九天23,450,781股(28.43%)，幸福一期9,174,219股(11.12%)，策星揽月4,125,000股(5.00%)，幸福二期3,000,000股(3.64%)，策星银河2,790,000股(3.38%)，策星逐日1,710,000股(2.07%)。合计82,500,000股(100.00%)。"
FN,GOLD-920116-2024-06-30-006,920116,2024-06-30,其他,策星银河,PDF p47,"截至本招股说明书签署日，公司总股本为82,500,000股。本次发行前股本结构：中科星图38,250,000股(46.36%)，策星九天23,450,781股(28.43%)，幸福一期9,174,219股(11.12%)，策星揽月4,125,000股(5.00%)，幸福二期3,000,000股(3.64%)，策星银河2,790,000股(3.38%)，策星逐日1,710,000股(2.07%)。合计82,500,000股(100.00%)。"
FN,GOLD-920116-2024-06-30-007,920116,2024-06-30,其他,策星逐日,PDF p47,"截至本招股说明书签署日，公司总股本为82,500,000股。本次发行前股本结构：中科星图38,250,000股(46.36%)，策星九天23,450,781股(28.43%)，幸福一期9,174,219股(11.12%)，策星揽月4,125,000股(5.00%)，幸福二期3,000,000股(3.64%)，策星银河2,790,000股(3.38%)，策星逐日1,710,000股(2.07%)。合计82,500,000股(100.00%)。"
FP,001282_199512_增资_024,001282,1995-12,增资,（待识别）,MD p450,       招股说明书  449  ②1995 年12 月，变更名称及第一次增资  1995 年12 月，瑞安市国环螺钉厂更名为“瑞安市三联锻压厂”。同月，瑞 安市三联锻压厂注册资本由31 万元增至88 万元，新增注册资本57 万元，其中 原股东孙国奉出资21 万元，原股东孙国敏出资14 万元，原股东张松满出资14 万元，新股东张银宽出资8 万元。  本次增资后，瑞安市三联锻压厂出资结构如下：  股东名称  注册资本（万元）  
FP,001282_200210_增资_025,001282,2002-10,增资,（待识别）,MD p450,"：张银宽系孙国奉之妹孙凤娟的配偶。  ③2002 年10 月，第一次股权转让、第二次增资及变更名称  2002 年10 月，张银宽将持有的瑞安市三联锻压厂8 万元注册资本转让予孙 国奉，转让价格为1 元/注册资本。2002 年12 月，瑞安市三联锻压厂的名称变更 为“温州三联锻造有限公司”,注册资本由88 万元增加至308 万元，新增注册资 本220 万元，其中原股东孙国奉出资67.80 万元；原股东张松满以货币方式出资 21.31 万元、以实物出资54.79 万元；原股东孙国敏出资76.10 万元。  本次增资后，温州三联出资结构如下：  股东名称  注册资本（万元）  出资比例（%）  出"
FP,001282_20040618_设立_000,001282,2004-06-18,设立,（待识别）,MD p17,"  芜湖三联锻造股份有限公司  有限公司成立日期  2004 年6 月18 日  股份公司成立日期  2018 年11 月26 日  注册资本  8,498.00 万元  法定代表人  孙国奉  注册地址  芜湖市高新技术产业开发区 天井山路20 号  主要生产经营地址  芜湖"
FP,001282_20150109_设立_015,001282,2015-01-09,设立,（待识别）,MD p52,"记时间  2015 年9 月10 日  成立日期  2015 年1 月9 日  出资总额  2,400 万元  注册地址  芜湖市弋江区高新技术开发区漳河路30 号汇峰跨境电商产业园一楼  企业类型  有限合伙企业  经营范围  投资管理、创业投资、股权投资、投资咨询（证券、"
FP,001282_20150325_设立_014,001282,2015-03-25,设立,（待识别）,MD p51,漳河路30 号汇峰跨境电商产业园一楼  成立日期  2015 年3 月25 日  基金备案编号  S81208  备案时间  2015 年10 月15 日  基金管理人  安徽同华投资管理中心（有限合伙），登记编号：P1022934  经营范围  股权投资，投资管理及投资咨询（
FP,001282_20170920_设立_010,001282,2017-09-20,设立,（待识别）,MD p43,"91330381MA298WTM4J  成立日期  2017 年9 月20 日  注册地址  浙江省温州市瑞安市桐浦镇桐浦村  主要生产经营地  浙江省温州市瑞安市桐浦镇桐浦村  注册资本  3,800 万元  实收资本  3,800 万元  法定代表人  张一衡  主营业务 "
FP,001282_20181025_设立_011,001282,2018-10-25,设立,（待识别）,MD p46,91340200MA2T68PM0M  成立日期  2018 年10 月25 日  注册地址  安徽省芜湖市弋江区高新技术开发区天井山路20 号  主要生产经营地  安徽省芜湖市弋江区高新技术开发区天井山路20 号  注册资本  100 万元  实收资本  100 万元  法定代
FP,001282_20181126_设立_001,001282,2018-11-26,设立,（待识别）,MD p17," 2004 年6 月18 日  股份公司成立日期  2018 年11 月26 日  注册资本  8,498.00 万元  法定代表人  孙国奉  注册地址  芜湖市高新技术产业开发区 天井山路20 号  主要生产经营地址  芜湖市高新技术产业开 发区天井山路20 号  控股股东 "
FP,001282_20190108_设立_012,001282,2019-01-08,设立,（待识别）,MD p46,  负责欧洲销售市场维护及新业务开拓  成立日期  2019 年1 月8 日  五、主要股东及实际控制人的基本情况  （一）控股股东、实际控制人的基本情况  1、发行人的实际控制人认定  截至本招股说明书签署日，公司共同实际控制人为孙国奉、张一衡、孙国敏、 孙仁豪。孙国奉与孙
FP,001282_20191112_设立_013,001282,2019-11-12,设立,（待识别）,MD p49,"91340203MA2UA1BT27  成立日期  2019 年11 月12 日  注册地址  安徽省芜湖市弋江区中山南路717 号科技产业园4 号楼3 楼  主要生产经营地  安徽省芜湖市弋江区中山南路717 号科技产业园4 号楼3 楼  注册资本  1,566 万元  实收资"
FP,001282__增资_002,001282,,增资,（待识别）,MD p30,程，约定三联有限的注册资本500 万元，由孙国奉以机器设备出资 175 万元，占注册资本35%；孙国敏以货币和机器设备出资162.5 万元，占注册 资本32.5%；张松满以货币和机器设备出资162.5 万元，占注册资本32.5%。  2、设立时股东出资的验资情况  2004 
FP,001282__增资_003,001282,,增资,孙国敏以货币,MD p30,备出资 175 万元，占注册资本35%；孙国敏以货币和机器设备出资162.5 万元，占注册 资本32.5%；张松满以货币和机器设备出资162.5 万元，占注册资本32.5%。  2、设立时股东出资的验资情况  2004 年6 月10 日，安徽平泰会计师事务所出具编号为平泰会验字【2
FP,001282__增资_004,001282,,增资,机器设备,MD p30,备出资 175 万元，占注册资本35%；孙国敏以货币和机器设备出资162.5 万元，占注册 资本32.5%；张松满以货币和机器设备出资162.5 万元，占注册资本32.5%。  2、设立时股东出资的验资情况  2004 年6 月10 日，安徽平泰会计师事务所出具编号为平泰会验字【2
FP,001282__增资_005,001282,,增资,张松满以货币,MD p30,62.5 万元，占注册 资本32.5%；张松满以货币和机器设备出资162.5 万元，占注册资本32.5%。  2、设立时股东出资的验资情况  2004 年6 月10 日，安徽平泰会计师事务所出具编号为平泰会验字【2004】 第395 号《验资报告》，验证截至2004 年6 月10 
FP,001282__增资_006,001282,,增资,满以货币,MD p31, 万元，共计162.5 万元；股东张松 满以货币出资57.5 万元，以实物（机器设备）出资105 万元，共计162.5 万元。  2004 年6 月18 日，三联有限设立经芜湖市工商行政管理局核准，并取得注 册号为3402012102584 的《营业执照》。  三联
FP,001282__增资_007,001282,,增资,孙国敏货币,MD p31,资产。其中孙国奉货币出资 175 万元，孙国敏货币出资100 万元，张松满货币出资105 万元。三联有限的注 册资本仍为500 万元。  本次货币出资置换完成后，三联有限的出资结构如下：  股东名称  注册资本（万元） 出资比例（%）  出资方式  出资状态  孙国
FP,001282__增资_008,001282,,增资,张松满货币,MD p31,75 万元，孙国敏货币出资100 万元，张松满货币出资105 万元。三联有限的注 册资本仍为500 万元。  本次货币出资置换完成后，三联有限的出资结构如下：  股东名称  注册资本（万元） 出资比例（%）  出资方式  出资状态  孙国奉  175.00  35.
FP,001282__增资_009,001282,,增资,债权,MD p32,0 万元已投入三联有限，出资足额、真实；债权出资10 万元已投入三联 有限，出资足额、真实。  （二）股份公司设立情况  1、发行人设立的程序  2018 年10 月11 日，三联有限召开股东会并作出决议，全体股东一致同意 三联有限整体变更设立股份有限公司。
FP,001282__增资_016,001282,,增资,其中孙国奉,MD p449,立瑞安市国环螺钉厂， 总投资31 万元，其中孙国奉出资11 万元；张松满出资10 万元；孙国敏出资10 万元。  设立时，瑞安市国环螺钉厂出资结构如下：  股东名称  注册资本（万元）  出资比例（%）  孙国奉  11.00  35.48  孙国敏  10.00
FP,001282__增资_017,001282,,增资,张松满,MD p449,资31 万元，其中孙国奉出资11 万元；张松满出资10 万元；孙国敏出资10 万元。  设立时，瑞安市国环螺钉厂出资结构如下：  股东名称  注册资本（万元）  出资比例（%）  孙国奉  11.00  35.48  孙国敏  10.00  32.26  张松
FP,001282__增资_018,001282,,增资,孙国敏,MD p449,奉出资11 万元；张松满出资10 万元；孙国敏出资10 万元。  设立时，瑞安市国环螺钉厂出资结构如下：  股东名称  注册资本（万元）  出资比例（%）  孙国奉  11.00  35.48  孙国敏  10.00  32.26  张松满  10.00  3
FP,001282__增资_019,001282,,增资,原股东孙国奉,MD p450,8 万元，新增注册资本57 万元，其中 原股东孙国奉出资21 万元，原股东孙国敏出资14 万元，原股东张松满出资14 万元，新股东张银宽出资8 万元。  本次增资后，瑞安市三联锻压厂出资结构如下：  股东名称  注册资本（万元）  出资比例（%）  出资方式  孙国
FP,001282__增资_020,001282,,增资,原股东孙国敏,MD p450,万元，其中 原股东孙国奉出资21 万元，原股东孙国敏出资14 万元，原股东张松满出资14 万元，新股东张银宽出资8 万元。  本次增资后，瑞安市三联锻压厂出资结构如下：  股东名称  注册资本（万元）  出资比例（%）  出资方式  孙国奉  32.00  36.3
FP,001282__增资_021,001282,,增资,原股东张松满,MD p450,21 万元，原股东孙国敏出资14 万元，原股东张松满出资14 万元，新股东张银宽出资8 万元。  本次增资后，瑞安市三联锻压厂出资结构如下：  股东名称  注册资本（万元）  出资比例（%）  出资方式  孙国奉  32.00  36.36  货币  孙国敏  24
FP,001282__增资_022,001282,,增资,新股东张银宽,MD p450,14 万元，原股东张松满出资14 万元，新股东张银宽出资8 万元。  本次增资后，瑞安市三联锻压厂出资结构如下：  股东名称  注册资本（万元）  出资比例（%）  出资方式  孙国奉  32.00  36.36  货币  孙国敏  24.00  27.27  货
FP,001282__增资_023,001282,,增资,以实物,MD p450,张松满以货币方式出资 21.31 万元、以实物出资54.79 万元；原股东孙国敏出资76.10 万元。  本次增资后，温州三联出资结构如下：  股东名称  注册资本（万元）  出资比例（%）  出资方式  孙国奉  107.80  35.00  货币  张松满  4
FP,001282__增资_026,001282,,增资,货币资金,MD p451,"房屋和土地使用权）出资1,100 万元，货币资金出资200 万元。根据中 水致远资产评估有限公司于2017 年9 月16 日出具的中水致远评报字【2017】第 020258 号《温州三联锻造有限公司拟以部分资产出资项目的资产评估报告》， 截至2017 年8 月31"
FP,301563_20080507_设立_000,301563,2008-05-07,设立,（待识别）,MD p20,芯城（上海）互联网科 技股份有限公司  成立日期  2008 年5 月7 日   
FP,301563_20151013_整体变更_001,301563,2015-10-13,整体变更,（待识别）,MD p54,"芯城（上海）互联网科技股份有限公司。  2015 年10 月13 日，致同会计师事务所出具致同审字（2015）第 350ZB0228 号《审计报告》，截至2015 年8 月31 日，有限公司的净资产为 45,010,412.64 元。  2015 年10 月14 日，上海立信资产评估有限公司出具了信资评报字（2015） 第415 号《上海云汉电子有限公司拟公司改制整体资产评估报告书》，有限公 司以2015 年8 月31 日为基准日的净资产评估值为4,773.16 万元，高于公司拟 整体变更的股本，符合《公司法》等法律法规的规定。  2015 年10 月15 日，全体发起人签署了《云汉芯城（上海"
FP,301563_201806_增资_008,301563,2018-06,增资,（待识别）,MD p59,"00,000  100.00   （二）2018 年6 月至7 月，股份公司增加注册资本暨第二次股权转让  2018 年6 月12 日，发行人与国科瑞华、CASREV FUND、中科贵银、夏东、 南山富海、珠海拓域、曾烨、刘云锋、为赛咨询、力源信息、东方富海、芜湖 富海、深创投、天健创投、镇江红土、昆山红土、富海深湾、富海节能、临港 投资、鸿迪投资签署了《关于云汉芯城（上海）互联网科技股份有限公司之增 资与股权转让协议》，约定该协议相关方对发行人增资，以及受让发行人股份 事宜。根据该协议，国科瑞华以现金7,412 万元认缴新增注册资本254.4787 万 元；CASREV FUND 以现金1,"
FP,301563__增资_002,301563,,增资,（待识别）,MD p55,子有限公司，注册资本为50 万元。其中：深圳云汉电子认缴出资 25 万元，占注册资本的50%；刘云锋认缴出资25 万元，占注册资本的50%。 本次增资各方均以自有资金出资，资金来源合法合规。  2008 年5 月5 日，上海德欣会计师事务所有限公司对上海云汉电子有限公 司
FP,301563__增资_003,301563,,增资,刘云锋认缴,MD p55,缴出资 25 万元，占注册资本的50%；刘云锋认缴出资25 万元，占注册资本的50%。 本次增资各方均以自有资金出资，资金来源合法合规。  2008 年5 月5 日，上海德欣会计师事务所有限公司对上海云汉电子有限公 司（筹）截止2008 年5 月4 日的出资情况进
FP,301563__增资_004,301563,,增资,国科瑞华,MD p59,"，以及受让发行人股份 事宜。根据该协议，国科瑞华以现金7,412 万元认缴新增注册资本254.4787 万 元；CASREV FUND 以现金1,800 万元的等值美元认缴新增注册资本61.8 万元； 中科贵银以现金1,584 万元认缴新增注册资本54.384 万元；夏东以"
FP,301563__增资_005,301563,,增资,中科贵银,MD p59,"值美元认缴新增注册资本61.8 万元； 中科贵银以现金1,584 万元认缴新增注册资本54.384 万元；夏东以现金204 万 元认缴新增注册资本7.004 万元；南山富海以现金3,000 万元认缴新增注册资本 103 万元；珠海拓域以现金1,000 万元认缴新增注册资本3"
FP,301563__增资_006,301563,,增资,南山富海,MD p59,"万 元认缴新增注册资本7.004 万元；南山富海以现金3,000 万元认缴新增注册资本 103 万元；珠海拓域以现金1,000 万元认缴新增注册资本34.3333 万元。同时， 该协议还约定，曾烨将其持有的发行人51.5 万股股份转让予富海节能，转让价 格为1,500 万元"
FP,301563__增资_007,301563,,增资,珠海拓域,MD p59,"0 万元认缴新增注册资本 103 万元；珠海拓域以现金1,000 万元认缴新增注册资本34.3333 万元。同时， 该协议还约定，曾烨将其持有的发行人51.5 万股股份转让予富海节能，转让价 格为1,500 万元；曾烨将其持有的发行人18.025 万股股份转让予临港投资，转"
FP,301563__增资_009,301563,,增资,李文发,MD p60,共计120 万元，每股价格1 元。其中，李文发以现金20 万元认缴 新增注册资本20 万元；秦国君以现金20 万元认缴新增注册资本20 万元；李剑 峰以现金20 万元认缴新增注册资本20 万元；周雪峰以现金60 万元认缴新增注 册资本60 万元。  2018 年6 
FP,301563__增资_010,301563,,增资,秦国君,MD p60,20 万元认缴 新增注册资本20 万元；秦国君以现金20 万元认缴新增注册资本20 万元；李剑 峰以现金20 万元认缴新增注册资本20 万元；周雪峰以现金60 万元认缴新增注 册资本60 万元。  2018 年6 月28 日，发行人就夏东、南山富海、珠海拓域、李文发
FP,301563__增资_011,301563,,增资,周雪峰,MD p60,"金20 万元认缴新增注册资本20 万元；周雪峰以现金60 万元认缴新增注 册资本60 万元。  2018 年6 月28 日，发行人就夏东、南山富海、珠海拓域、李文发、秦国君、 李剑峰、周雪峰向发行人增资事宜办理完成工商变更登记，发行人的注册资本 由4,000 万元增"
FP,301581_200906_增资_013,301581,2009-06,增资,（待识别）,MD p47,并前，昆山谷捷历次股权和股东变化情况  2009 年6 月30 日，昆山谷捷召开股东会，审议通过《昆山谷捷金属制品有 限公司章程》。根据该公司章程，昆山谷捷设立时注册资本为100 万元，其中吴 斌认缴出资60 万元；张俊武认缴出资20 万元；邓亮认缴出资10 万元；王凌峰 认缴出资10 万元。  2010 年3 月22 日，昆山谷捷召开股东会，同意王凌峰将其所持昆山谷捷10% 股权转让给周斌，邓亮将其所持昆山谷捷10%股权转让给周斌；同日，周斌分别 与王凌峰、邓亮签订《股权转让协议》。  2012 年4 月23 日，昆山谷捷召开股东会，同意新增注册资本100 万元，黄 山市化工总厂、吴斌、张俊
FP,301581_20090706_设立_008,301581,2009-07-06,设立,（待识别）,MD p46,公司名称  昆山谷捷金属制品有限公司  成立日期  2009 年7 月6 日  法定代表人  胡恩谓   
FP,301581_20120612_设立_000,301581,2012-06-12,设立,（待识别）,MD p17," 发行人名称  黄山谷捷股份有限公司  成立日期  2012 年6 月12 日（有限公 司）；2022 年9 月13 日（股 份有限公司）  注册资本  6,000 万元  法定代表人  胡恩谓  注册地址  安徽省黄山市徽州区城北 工业园文峰西路10 号  主要生产经营地 址"
FP,301581_202109_增资_006,301581,2021-09,增资,（待识别）,MD p45,     招股说明书  1-1-44  2021 年9 月19 日，谷捷有限召开股东会，同意上述增资扩股事项。  2021 年11 月11 日，谷捷有限取得了黄山市市场监督管理局为其换发的营 业执照（统一社会信用代码：913410045986552970）。  2022 年1 月17 日，中审众环会计师出具《验资报告》（众环验字（2022） 0110017 号），确认截至2021 年12 月31 日，谷捷有限已收到股东赛格高技术 和上汽科技缴纳的实收资本514.2857 万元，出资方式为货币。  本次增资完成后，公司股权结构如下：  序号  股东姓名/名称  出资额（万元）  出资比例（%） 
FP,301581_202205_增资_007,301581,2022-05,增资,（待识别）,MD p45,元由员工持股平 台黄山佳捷全额认缴。  2022 年5 月24 日，谷捷有限与黄山佳捷签署《黄山谷捷散热科技有限公司 增资扩股协议》，新增注册资本90.2256 万元由黄山佳捷全额认缴，增资价格为 23.55 元/注册资本，出资方式为货币。  2022 年5 月26 日，谷捷有限取得了黄山市市场监督管理局为其换发的营业  
FP,301581_20220805_整体变更_002,301581,2022-08-05,整体变更,（待识别）,MD p39,"100.00  2、股份公司设立情况  2022 年8 月5 日，中审众环会计师出具《审计报告》（众环审字（2022） 0113941号），确认截至2022 年5 月31日，谷捷有限经审计后的净资产为20,152.51 万元。  2022 年8 月7 日，中联国信出具《资产评估报告》 （皖中联国信评报字（2022） 第223 号），确认截至2022 年5 月31 日，谷捷有限净资产评估值为28,244.00 万元。  2022 年8 月24 日，黄山市供销社、黄山供销集团出具《关于黄山谷捷散热 科技有限公司整体改制变更设立股份有限公司的批复》（黄供集团[2022]44 号） 注1，同意谷捷有限"
FP,301581__吸收合并_005,301581,,吸收合并,（待识别）,MD p43,"1 年4 月7 日，谷捷有限召开股东会，吸收合并后谷捷有限的注册资本 变更为1,200 万元，其中黄山供销集团出资936 万元，张俊武出资132 万元，周 斌出资132 万元；同日，谷捷有限与昆山谷捷再次签订《吸收合并协议》，进一 步明确了双方权利义务等条款。  2021 年4 月13 日，"
FP,301581__增资_001,301581,,增资,（待识别）,MD p38," 日，谷捷有限股东昆山谷捷作出股东决定，同意由昆山谷捷 出资1,000 万元，设立谷捷有限。  2012 年6 月12 日，安徽天正达会计师事务所出具《验资报告》（皖天会验 字[2012]第261 号），确认截至2012 年6 月12 日，谷捷有限已收到昆山谷捷缴 纳的注册资"
FP,301581__增资_003,301581,,增资,其中黄山供销集团,MD p43,"有限的注册资本 变更为1,200 万元，其中黄山供销集团出资936 万元，张俊武出资132 万元，周 斌出资132 万元；同日，谷捷有限与昆山谷捷再次签订《吸收合并协议》，进一 步明确了双方权利义务等条款。  2021 年4 月13 日，谷捷有限取得了黄山市徽州区市场监督"
FP,301581__增资_004,301581,,增资,张俊武,MD p43,万元，其中黄山供销集团出资936 万元，张俊武出资132 万元，周 斌出资132 万元；同日，谷捷有限与昆山谷捷再次签订《吸收合并协议》，进一 步明确了双方权利义务等条款。  2021 年4 月13 日，谷捷有限取得了黄山市徽州区市场监督管理局为其换发 的营业执
FP,301581__增资_009,301581,,增资,斌认缴,MD p47,捷设立时注册资本为100 万元，其中吴 斌认缴出资60 万元；张俊武认缴出资20 万元；邓亮认缴出资10 万元；王凌峰 认缴出资10 万元。  2010 年3 月22 日，昆山谷捷召开股东会，同意王凌峰将其所持昆山谷捷10% 股权转让给周斌，邓亮将其所持昆山谷
FP,301581__增资_010,301581,,增资,张俊武认缴,MD p47,0 万元，其中吴 斌认缴出资60 万元；张俊武认缴出资20 万元；邓亮认缴出资10 万元；王凌峰 认缴出资10 万元。  2010 年3 月22 日，昆山谷捷召开股东会，同意王凌峰将其所持昆山谷捷10% 股权转让给周斌，邓亮将其所持昆山谷捷10%股权转让给周斌；同
FP,301581__增资_011,301581,,增资,邓亮认缴,MD p47,资60 万元；张俊武认缴出资20 万元；邓亮认缴出资10 万元；王凌峰 认缴出资10 万元。  2010 年3 月22 日，昆山谷捷召开股东会，同意王凌峰将其所持昆山谷捷10% 股权转让给周斌，邓亮将其所持昆山谷捷10%股权转让给周斌；同日，周斌分别 与王凌峰、
FP,301581__增资_012,301581,,增资,认缴,MD p47, 万元；邓亮认缴出资10 万元；王凌峰 认缴出资10 万元。  2010 年3 月22 日，昆山谷捷召开股东会，同意王凌峰将其所持昆山谷捷10% 股权转让给周斌，邓亮将其所持昆山谷捷10%股权转让给周斌；同日，周斌分别 与王凌峰、邓亮签订《股权转让协议》。 
FP,603418_19921204_设立_000,603418,1992-12-04,设立,（待识别）,MD p98,（一）有限责任公司的设立情况  友升有限成立于 1992 年 12 月 4 日，由徐泾工业公司、友升太平洋美国共同出资设立的中外合资有限责任公司，注册资本为 400万美元。  1992 年 10 月 22 日，青浦县人民政府出具《青浦县人民政府关于中美合资经营“上海友升铝业有限
FP,603418_20030721_设立_007,603418,2003-07-21,设立,（待识别）,MD p101,及境外律师出具的境外法律意见书，美国日升成立于2003年 7月 21日，注册地址为美国亚利桑那州，股东和法定代表人为占庆华。占庆华为罗世兵的母亲，其受罗世兵委托于 2003 年 7 月 21 日设立美国日升。本次股权转让后，罗世兵通过美国日升间接持有友升有限 55%股权
FP,603418_202005_增资_006,603418,2020-05,增资,（待识别）,MD p99,"会计师出具的《审计报告》，友升有限截至 2020年 5月 31日的净资产为 40,482.37 万元。  沃克森评估于 2020 年 7 月 23 日出具了沃克森评报字（2020）第 1025 号《上海友升铝业有限公司拟变更设立股份公司涉及的上海友升铝业有限公司净资产资产评估报告》，根据该评估报告，截至 2020年 5月 31日，友升有限的净资产评估值为 48,659.65 万元。  2020年 7月 27日，友升有限股东会作出决议，同意根据会计师出具的《审计报告》，以友升有限截至 2020 年 5 月 31 日的净资产 40,482.37 万元按 3.3735:1的比例折合股本 12,000"
FP,603418__增资_001,603418,,增资,（待识别）,MD p99, 400万美元注册资金已全部到位。其中，徐泾工业公司以土地使用权出资 99.12 万美元，以货币出资140.88万美元；友升太平洋美国以货币出资 160.00万美元。  # （二）股份有限公司的设立情况  公司由上海友升铝业有限公司整体变更设立。  根据会计师出具的《审计报告》，友升有限
FP,603418__增资_002,603418,,增资,以货币,MD p99,司以土地使用权出资 99.12 万美元，以货币出资140.88万美元；友升太平洋美国以货币出资 160.00万美元。  # （二）股份有限公司的设立情况  公司由上海友升铝业有限公司整体变更设立。  根据会计师出具的《审计报告》，友升有限截至 2020年 5月 31日
FP,603418__增资_003,603418,,增资,新增注册资本由金浦临港基金,MD p99,"2,000万元增加至 13,380万元，新增注册资本由金浦临港基金出资 840 万元、金浦科创基金出资 360 万元、上海骁墨出资 180 万元，出资方式均为货币资金，新增股份的认购价格为 8.3333元/股。  2020年 9月 30日，友升股份完成了上述增资的工商变更登记手续，并"
FP,603418__增资_004,603418,,增资,金浦科创基金,MD p99,册资本由金浦临港基金出资 840 万元、金浦科创基金出资 360 万元、上海骁墨出资 180 万元，出资方式均为货币资金，新增股份的认购价格为 8.3333元/股。  2020年 9月 30日，友升股份完成了上述增资的工商变更登记手续，并取得了由上海市市场监督管理局换发
FP,603418__增资_005,603418,,增资,上海骁墨,MD p99, 万元、金浦科创基金出资 360 万元、上海骁墨出资 180 万元，出资方式均为货币资金，新增股份的认购价格为 8.3333元/股。  2020年 9月 30日，友升股份完成了上述增资的工商变更登记手续，并取得了由上海市市场监督管理局换发的《营业执照》。  本次增资
FP,603418__股权转让_008,603418,,股权转让,第一美亚基金,MD p101,持的形成  1）2003年 7月 3日，第一美亚基金向陈桂荣转让其所持有第一美亚 100%的股权，存在股权代持的情况  2003年 7月 3日，陈桂荣与第一美亚基金签署了《股权转让协议》，约定第一美亚基金以 6.0753 万美元的价格向陈桂荣转让其所持有第一美亚 100%的股权，陈桂荣间接取得友升有限 55%股权。陈桂荣系罗世兵兄弟之配偶，与罗世兵之间存在委托持股的情况，陈桂荣作为名义股东不实际参与经营管理，双方均确认属于代
FP,603418__股权转让_009,603418,,股权转让,陈桂荣,MD p101,持的形成  1）2003年 7月 3日，第一美亚基金向陈桂荣转让其所持有第一美亚 100%的股权，存在股权代持的情况  2003年 7月 3日，陈桂荣与第一美亚基金签署了《股权转让协议》，约定第一美亚基金以 6.0753 万美元的价格向陈桂荣转让其所持有第一美亚 100%的股权，陈桂荣间接取得友升有限 55%股权。陈桂荣系罗世兵兄弟之配偶，与罗世兵之间存在委托持股的情况，陈桂荣作为名义股东不实际参与经营管理，双方均确认属于代
FP,603418__股权转让_010,603418,,股权转让,的价格,MD p101,约定第一美亚基金以 6.0753 万美元的价格向陈桂荣转让其所持有第一美亚 100%的股权，陈桂荣间接取得友升有限 55%股权。陈桂荣系罗世兵兄弟之配偶，与罗世兵之间存在委托持股的情况，陈桂荣作为名义股东不实际参与经营管理，双方均确认属于代持。  2）2003年 7月 30日，第一美亚向美国日升转让其所持有的友升有限 55%股权，存在股权代持的情况  2003 年 7 月 30 日，第一美亚与美国日升签署《股权转让协议》，约定第一美亚将其持有的友升有限 55%股权转让给美国日升，第一美亚不再持有友升有限股权，该次转让系由罗世兵同一控制下的两家企业进行的转让，未支付对价。根据公司提供的资料及境外
FP,688758_20020214_设立_003,688758,2002-02-14,设立,（待识别）,MD p67,"  已发行股份：  85,599 股  成立日期：  2002 年2 月14 日  股权结构：  序号  股东名称  股权比例  1  赛分科技  92.76%  2  HYL SERVICES, LLC1  7.24%  主营业务  主要从事分析色谱产品的研发、生产及销售  在"
FP,688758_20030310_设立_007,688758,2003-03-10,设立,（待识别）,MD p70,法人独资）  法定代表人：  黄学英  成立日期：  2003 年3 月10 日  注销日期：  2021 年6 月17 日  经营范围：  研究、开发、生产化学分析仪器，销售自产产品，并提供相关技术 咨询与技术服务；上述产品同类商品的批发、进出口、佣金代理（拍 卖除外）及相关配
FP,688758_20090316_设立_000,688758,2009-03-16,设立,（待识别）,MD p26,"行人名称 苏州赛分科技股份有限公 司  成立日期  2009 年3 月16 日  注册资本  366,488,394 元  法定代表人  黄学英  注册地址  中国（江苏）自由贸易试 验区苏州片区苏州工业园 区集贤街11 号  主要生产经营地 址  中国（江苏）自由贸易试验区 "
FP,688758_20171205_设立_008,688758,2017-12-05,设立,（待识别）,MD p71, 万元  执行事务合伙人：  黄学英  成立日期：  2017 年12 月5 日  营业范围：  企业管理服务及咨询、商务信息咨询、经济信息咨询。（依法须经批 准的项目，经相关部门批准后方可开展经营活动）  截至本招股说明书签署之日，苏州贤达股权结构如下：  序号  股东姓名  
FP,688758_20171214_设立_004,688758,2017-12-14,设立,（待识别）,MD p68,科创板上市招股说明书  1-1-67  成立日期：  2017 年12 月14 日  经营范围：  色谱介质研发、生产、销售。（依法须经批准的项目，经相关部门 批准后方可开展经营活动）  股权结构：  序号  股东名称  股权比例  1  赛分科技  100%  主营业务  主要从
FP,688758_20210630_设立_005,688758,2021-06-30,设立,（待识别）,MD p68,法人独资）  法定代表人：  黄学英  成立日期：  2021 年6 月30 日  经营范围：  许可项目：第二类医疗器械生产；第三类医疗器械生产；第三类医 疗器械经营（依法须经批准的项目，经相关部门批准后方可开展经 营活动，具体经营项目以审批结果为准）一般项目：技术进出口； 货
FP,688758_20210825_设立_009,688758,2021-08-25,设立,（待识别）,MD p370,作出了有效决议。  股份公司第一届董事会成立于2021 年8 月25 日，截至本招股说明书签署之 日，董事会累计召开了16 次会议，历次会议的召集和召开程序、出席会议人员 资格及表决程序、决议的内容及签署等，均符合《公司法》等法律、法规和规范  
FP,688758_20220315_设立_006,688758,2022-03-15,设立,（待识别）,MD p69,.00 美元）  已发行股份：  -  成立日期：  2022 年3 月15 日  股权结构：  序号  股东名称  股权比例  1  赛分科技  100%  主营业务  募投项目美国研发中心项目实施主体  在发行人业务板块中 定位  赛分生科是募投项目美国研发中心项目的实施主体
FP,688758__股权转让_001,688758,,股权转让,元的价格,MD p57,，作为补偿，黄学英同意 以合计人民币0 元的价格向高新同华转让其所持有的赛分有限22 万元注册资本，  
FP,688758__股权转让_002,688758,,股权转让,高新同华,MD p57,，作为补偿，黄学英同意 以合计人民币0 元的价格向高新同华转让其所持有的赛分有限22 万元注册资本，  
FP,688775_20150709_设立_000,688775,2015-07-09,设立,（待识别）,MD p28,"技股份有限公 司  成立日期  有限公司成立于2015 年7 月9 日，2020 年2 月26 日整体变更为股 份公司  注册资本  36,000.00 万元  法定代表人  刘靖康  注册地址  深圳市宝安区新安街道海 旺社区兴业路1100 号金 利通金融中心大厦2 "
FP,688775__增资_001,688775,,增资,（待识别）,MD p83,".34  合计  6,846.29  ①北京岚锋全体股东实缴出资3,109.45 万元的来源  截至本招股说明书签署日，北京岚锋全体股东的实缴出资为3,109.45 万元， 其中，刘靖康实缴出资1,205.45 万元，其余六名公司核心团队股东实缴出资 1,904.00 万元，资金来源均"
FP,688775__增资_002,688775,,增资,刘靖康实缴,MD p83,"缴出资为3,109.45 万元， 其中，刘靖康实缴出资1,205.45 万元，其余六名公司核心团队股东实缴出资 1,904.00 万元，资金来源均为自筹。前述刘靖康实缴出资的1,205.45 万元资金主 要来源于刘靖康通过岚烽管理转让深圳岚锋股权的税后收益2,360.08 万"
FP,688775__股权转让_003,688775,,股权转让,德朴投资已,MD p101,500   注：截至本招股说明书签署日，德朴投资已向汇智同裕转让其持有的所有发行人的股份， 德朴投资不再持有发行人的股份  1、新增股东基本情况  上述新增股东的基本情况如下：  （1）知盛投资  企业名称  深圳市知盛投资合伙企业（有限合伙）  成立时间  2019 年8 月12 日  出资额  240.00 万元  统一社会信用代码  91440300MA5FQRDX86  注册地  深圳市南山区蛇口街道渔一社区湾厦路72 号蛇口公馆4 栋 23B17  执行事务合伙人  周伟纳  经营范围  一般经营项目是
FP,688775__股权转让_004,688775,,股权转让,汇智同裕,MD p101,500   注：截至本招股说明书签署日，德朴投资已向汇智同裕转让其持有的所有发行人的股份， 德朴投资不再持有发行人的股份  1、新增股东基本情况  上述新增股东的基本情况如下：  （1）知盛投资  企业名称  深圳市知盛投资合伙企业（有限合伙）  成立时间  2019 年8 月12 日  出资额  240.00 万元  统一社会信用代码  91440300MA5FQRDX86  注册地  深圳市南山区蛇口街道渔一社区湾厦路72 号蛇口公馆4 栋 23B17  执行事务合伙人  周伟纳  经营范围  一般经营项目是
FP,920100_20021107_设立_000,920100,2002-11-07,设立,（待识别）,MD p13,"  证券代码  920100  有限公司成立日期  2002 年11 月7 日  股份公司成立日期  2018 年9 月29 日  注册资本  5,310.93 万元  法定代表人  盛祎  办公地址  江苏省常州市经济开发区富民路222 号  注册地址  江苏省常州市经济开发"
FP,920100_20180929_设立_001,920100,2018-09-29,设立,（待识别）,MD p13," 2002 年11 月7 日  股份公司成立日期  2018 年9 月29 日  注册资本  5,310.93 万元  法定代表人  盛祎  办公地址  江苏省常州市经济开发区富民路222 号  注册地址  江苏省常州市经济开发区富民路222 号  控股股东  盛祎  实际控制"
FP,920100_20190510_设立_025,920100,2019-05-10,设立,（待识别）,MD p52, 常州三协电机股份有限公司南京分公司  成立日期  2019 年5 月10 日  注销日期  2021 年9 月1 日  统一社会信用代码  91320102MA1YCP7J3F  负责人  叶海澄  注册地  南京市玄武区龙蟠路155 号3 幢211 室  主要生产经营地  
FP,920100_20190521_设立_020,920100,2019-05-21,设立,（待识别）,MD p43, 企业名称  深圳市三协电机有限公司  成立日期  2019 年5 月21 日  注册资本  370 万元  实收资本  370 万元  注册地  深圳市宝安区石岩街道罗租社区罗租工业大道2 号B 栋502  主要生产经营地  深圳市宝安区石岩街道罗租社区罗租工业大道2 号B 
FP,920100_20191125_设立_019,920100,2019-11-25,设立,（待识别）,MD p34,"91440300MA5FY5WG3C  成立日期  2019 年11 月25 日  注册资本  5,100 万元  实缴资本  3,162 万元  企业类型  有限合伙企业  执行事务合伙人  深圳市稳正资产管理有限公司  住所  深圳市福田区沙头街道天安社区深南大道深铁置业大厦"
FP,920100_202105_增资_023,920100,2021-05,增资,（待识别）,MD p45, 1-1-45  2021 年5 月10 日，深圳三协召开股东会，作出决议，同意股东卢娇娇将其所持公司25%的股 权转让给王洪波；同意股东朱南保将其所占公司5%的股权转让给王洪波；同意股东陈广武将其所 占公司2.5%的股权转让给王洪波。  同日，王洪波分别为卢娇娇、朱南保、陈广武就相应股权转让事宜签订《股权转让协议书》。  2021 年5 月27 日，深圳市市场监督管理局核准本次股权变更登记。  本次股权转让完成后，深圳三协的股权结构情况如下：  序号  姓名  出资额（万元）  出资比例（%）  出资方式  1  陆宇君  105.00  35.00  货币  2  王洪波  75.00  
FP,920100_20220815_资本公积转增_018,920100,2022-08-15,资本公积转增,（待识别）,MD p32,"（股转函〔2022〕1807 号）。  2022 年8 月15 日，苏亚金诚出具《验资报告》（苏亚锡验[2022]7 号），经审验，截至2022 年8 月9 日，公司已收到稳正景明、长泽创投缴纳的出资款2,374.40 万元。  本次股票发行新增股份于2022 年9 月1 日在股转系统挂牌并公开转让。  2、2023 年股票发行  2023 年5 月26 日，公司召开第二届董事会第十三次会议审议通过了《关于<常州三协电机股份 有限公司股票定向发行说明书>的议案》。2023 年6 月15 日，公司召开2023 年第三次临时股东大 会，审议通过了上述议案。本次股票拟发行价格为5.41 元/股，拟发"
FP,920100_202211_增资_024,920100,2022-11,增资,（待识别）,MD p46,400.00  100.00  -  ⑦2022 年11 月，深圳三协第五次股权转让  2022 年10 月26 日，深圳三协召开股东会，作出决议，同意股东王洪波将其所持公司32.5%的 股权转让给发行人全资子公司三合融创。  同日，王洪波与三合融创就本次股权转让事宜签订《股权转让协议书》。  2022 年11 月4 日，深圳市市场监督管理局核准本次股权变更登记。  本次股权转让完成后，深圳三协的股权结构情况如下：  序号  姓名或名称  出资额（万元）  出资比例（%）  出资方式  1  朱南保  240.00  60.00  货币  2  三合融创  130.00  32.50  货币 
FP,920100_20230906_增资_004,920100,2023-09-06,增资,付荷庆,MD p32,"（苏亚验[2023]10 号），经审验，截至2023 年9 月6 日，公司已收到盛祎、盛松、薛小丽、倪进宽、余方成、吴春扣、陆宇君、戈翔俊、陈都亮、 圣利、董雪强、文涛、付荷庆、陈韵和盛月瑶15 名认购人缴纳的出资款1,723.09 万元。  本次股票发行新增股份于2023 年10 月23 日在股转系统挂牌并公开转让。  （九） 报告期内重大资产重组情况  报告期内，发行人未进行过重大资产重组。  （十） 报告期内控制权变动情况  报"
FP,920100_20230906_增资_005,920100,2023-09-06,增资,余方成,MD p32,"（苏亚验[2023]10 号），经审验，截至2023 年9 月6 日，公司已收到盛祎、盛松、薛小丽、倪进宽、余方成、吴春扣、陆宇君、戈翔俊、陈都亮、 圣利、董雪强、文涛、付荷庆、陈韵和盛月瑶15 名认购人缴纳的出资款1,723.09 万元。  本次股票发行新增股份于2023 年10 月23 日在股转系统挂牌并公开转让。  （九） 报告期内重大资产重组情况  报告期内，发行人未进行过重大资产重组。  （十） 报告期内控制权变动情况  报"
FP,920100_20230906_增资_006,920100,2023-09-06,增资,倪进宽,MD p32,"（苏亚验[2023]10 号），经审验，截至2023 年9 月6 日，公司已收到盛祎、盛松、薛小丽、倪进宽、余方成、吴春扣、陆宇君、戈翔俊、陈都亮、 圣利、董雪强、文涛、付荷庆、陈韵和盛月瑶15 名认购人缴纳的出资款1,723.09 万元。  本次股票发行新增股份于2023 年10 月23 日在股转系统挂牌并公开转让。  （九） 报告期内重大资产重组情况  报告期内，发行人未进行过重大资产重组。  （十） 报告期内控制权变动情况  报"
FP,920100_20230906_增资_007,920100,2023-09-06,增资,吴春扣,MD p32,"（苏亚验[2023]10 号），经审验，截至2023 年9 月6 日，公司已收到盛祎、盛松、薛小丽、倪进宽、余方成、吴春扣、陆宇君、戈翔俊、陈都亮、 圣利、董雪强、文涛、付荷庆、陈韵和盛月瑶15 名认购人缴纳的出资款1,723.09 万元。  本次股票发行新增股份于2023 年10 月23 日在股转系统挂牌并公开转让。  （九） 报告期内重大资产重组情况  报告期内，发行人未进行过重大资产重组。  （十） 报告期内控制权变动情况  报"
FP,920100_20230906_增资_008,920100,2023-09-06,增资,圣利,MD p32,"（苏亚验[2023]10 号），经审验，截至2023 年9 月6 日，公司已收到盛祎、盛松、薛小丽、倪进宽、余方成、吴春扣、陆宇君、戈翔俊、陈都亮、 圣利、董雪强、文涛、付荷庆、陈韵和盛月瑶15 名认购人缴纳的出资款1,723.09 万元。  本次股票发行新增股份于2023 年10 月23 日在股转系统挂牌并公开转让。  （九） 报告期内重大资产重组情况  报告期内，发行人未进行过重大资产重组。  （十） 报告期内控制权变动情况  报"
FP,920100_20230906_增资_009,920100,2023-09-06,增资,戈翔俊,MD p32,"（苏亚验[2023]10 号），经审验，截至2023 年9 月6 日，公司已收到盛祎、盛松、薛小丽、倪进宽、余方成、吴春扣、陆宇君、戈翔俊、陈都亮、 圣利、董雪强、文涛、付荷庆、陈韵和盛月瑶15 名认购人缴纳的出资款1,723.09 万元。  本次股票发行新增股份于2023 年10 月23 日在股转系统挂牌并公开转让。  （九） 报告期内重大资产重组情况  报告期内，发行人未进行过重大资产重组。  （十） 报告期内控制权变动情况  报"
FP,920100_20230906_增资_010,920100,2023-09-06,增资,文涛,MD p32,"（苏亚验[2023]10 号），经审验，截至2023 年9 月6 日，公司已收到盛祎、盛松、薛小丽、倪进宽、余方成、吴春扣、陆宇君、戈翔俊、陈都亮、 圣利、董雪强、文涛、付荷庆、陈韵和盛月瑶15 名认购人缴纳的出资款1,723.09 万元。  本次股票发行新增股份于2023 年10 月23 日在股转系统挂牌并公开转让。  （九） 报告期内重大资产重组情况  报告期内，发行人未进行过重大资产重组。  （十） 报告期内控制权变动情况  报"
FP,920100_20230906_增资_011,920100,2023-09-06,增资,盛松,MD p32,"（苏亚验[2023]10 号），经审验，截至2023 年9 月6 日，公司已收到盛祎、盛松、薛小丽、倪进宽、余方成、吴春扣、陆宇君、戈翔俊、陈都亮、 圣利、董雪强、文涛、付荷庆、陈韵和盛月瑶15 名认购人缴纳的出资款1,723.09 万元。  本次股票发行新增股份于2023 年10 月23 日在股转系统挂牌并公开转让。  （九） 报告期内重大资产重组情况  报告期内，发行人未进行过重大资产重组。  （十） 报告期内控制权变动情况  报"
FP,920100_20230906_增资_012,920100,2023-09-06,增资,盛祎,MD p32,"（苏亚验[2023]10 号），经审验，截至2023 年9 月6 日，公司已收到盛祎、盛松、薛小丽、倪进宽、余方成、吴春扣、陆宇君、戈翔俊、陈都亮、 圣利、董雪强、文涛、付荷庆、陈韵和盛月瑶15 名认购人缴纳的出资款1,723.09 万元。  本次股票发行新增股份于2023 年10 月23 日在股转系统挂牌并公开转让。  （九） 报告期内重大资产重组情况  报告期内，发行人未进行过重大资产重组。  （十） 报告期内控制权变动情况  报"
FP,920100_20230906_增资_013,920100,2023-09-06,增资,董雪强,MD p32,"（苏亚验[2023]10 号），经审验，截至2023 年9 月6 日，公司已收到盛祎、盛松、薛小丽、倪进宽、余方成、吴春扣、陆宇君、戈翔俊、陈都亮、 圣利、董雪强、文涛、付荷庆、陈韵和盛月瑶15 名认购人缴纳的出资款1,723.09 万元。  本次股票发行新增股份于2023 年10 月23 日在股转系统挂牌并公开转让。  （九） 报告期内重大资产重组情况  报告期内，发行人未进行过重大资产重组。  （十） 报告期内控制权变动情况  报"
FP,920100_20230906_增资_014,920100,2023-09-06,增资,薛小丽,MD p32,"（苏亚验[2023]10 号），经审验，截至2023 年9 月6 日，公司已收到盛祎、盛松、薛小丽、倪进宽、余方成、吴春扣、陆宇君、戈翔俊、陈都亮、 圣利、董雪强、文涛、付荷庆、陈韵和盛月瑶15 名认购人缴纳的出资款1,723.09 万元。  本次股票发行新增股份于2023 年10 月23 日在股转系统挂牌并公开转让。  （九） 报告期内重大资产重组情况  报告期内，发行人未进行过重大资产重组。  （十） 报告期内控制权变动情况  报"
FP,920100_20230906_增资_015,920100,2023-09-06,增资,陆宇君,MD p32,"（苏亚验[2023]10 号），经审验，截至2023 年9 月6 日，公司已收到盛祎、盛松、薛小丽、倪进宽、余方成、吴春扣、陆宇君、戈翔俊、陈都亮、 圣利、董雪强、文涛、付荷庆、陈韵和盛月瑶15 名认购人缴纳的出资款1,723.09 万元。  本次股票发行新增股份于2023 年10 月23 日在股转系统挂牌并公开转让。  （九） 报告期内重大资产重组情况  报告期内，发行人未进行过重大资产重组。  （十） 报告期内控制权变动情况  报"
FP,920100_20230906_增资_016,920100,2023-09-06,增资,陈都亮,MD p32,"（苏亚验[2023]10 号），经审验，截至2023 年9 月6 日，公司已收到盛祎、盛松、薛小丽、倪进宽、余方成、吴春扣、陆宇君、戈翔俊、陈都亮、 圣利、董雪强、文涛、付荷庆、陈韵和盛月瑶15 名认购人缴纳的出资款1,723.09 万元。  本次股票发行新增股份于2023 年10 月23 日在股转系统挂牌并公开转让。  （九） 报告期内重大资产重组情况  报告期内，发行人未进行过重大资产重组。  （十） 报告期内控制权变动情况  报"
FP,920100_20230906_增资_017,920100,2023-09-06,增资,陈韵,MD p32,"（苏亚验[2023]10 号），经审验，截至2023 年9 月6 日，公司已收到盛祎、盛松、薛小丽、倪进宽、余方成、吴春扣、陆宇君、戈翔俊、陈都亮、 圣利、董雪强、文涛、付荷庆、陈韵和盛月瑶15 名认购人缴纳的出资款1,723.09 万元。  本次股票发行新增股份于2023 年10 月23 日在股转系统挂牌并公开转让。  （九） 报告期内重大资产重组情况  报告期内，发行人未进行过重大资产重组。  （十） 报告期内控制权变动情况  报"
FP,920100__增资_021,920100,,增资,（待识别）,MD p45,400 万元，由原股东同比例增资。其中，股东朱南保增加出资10 万元，股东陆宇君 增加出资35 万元，股东王洪波增加出资55 万元。  2021 年5 月27 日，深圳市市场监督管理局核准本次股权变更登记。  本次增资完成后，深圳三协的股权结构情况如下：  序号  姓
FP,920100__增资_022,920100,,增资,增加,MD p45,东朱南保增加出资10 万元，股东陆宇君 增加出资35 万元，股东王洪波增加出资55 万元。  2021 年5 月27 日，深圳市市场监督管理局核准本次股权变更登记。  本次增资完成后，深圳三协的股权结构情况如下：  序号  姓名  出资额（万元）  出资比例
FP,920116_20060120_设立_002,920116,2006-01-20,设立,（待识别）,MD p37,"91110108784807231Q  成立日期  2006年1月20日  注册地址及主要生产经营 地  北京市顺义区临空经济核心区机场东路2号（产业园1A-4号1、5、7层）  法定代表人  许光銮  总股本  543,325,930股1  经营范围  技术开发、技术转"
FP,920116_20161214_设立_000,920116,2016-12-14,设立,（待识别）,MD p15,"  证券代码  920116  有限公司成立日期  2016 年12 月14 日  股份公司成立日期  2022 年11 月28 日  注册资本  82,500,000.00  法定代表人  牛威  办公地址  中国（安徽）自由贸易试验区合肥市高新区望江西路900 号中安创谷科技"
FP,920116_20211011_设立_003,920116,2021-10-11,设立,（待识别）,MD p39,"91360405MA7BD5BA6C  成立日期  2021 年10 月11 日  注册地址及主要生产经 营地  江西省九江市共青城市基金小镇内  执行事务合伙人  牛威  出资额  3,083.47 万元  经营范围  一般项目：项目投资，实业投资。（未经金融监管部门批准，不得"
FP,920116_202112_增资_009,920116,2021-12,增资,（待识别）,MD p217,"1-1-217    单位：元     2021 年12 月 31 日  本期变动  2022 年12 月 31 日  发行 新股  送股  公积 金转 股  其他  小计  股份总数  24,340,000.00  -  -  - 50,660,000.00 50,660,000.00 75,000,000.00    单位：元     2020 年12 月 31 日  本期变动  2021 年12 月 31 日  发行新 股  送股  公积金 转股  其他  小计  股份总数  24,340,000.00  -  -  -  -  - 24,340,000.00    科目具体情况及分析说"
FP,920116_20220808_设立_004,920116,2022-08-08,设立,（待识别）,MD p39,91360405MABWW0HB9D  成立日期  2022 年8 月8 日  注册地址及主要生产经 营地  江西省九江市共青城市基金小镇内  执行事务合伙人  岳苗苗   
FP,920116_20221128_设立_001,920116,2022-11-28,设立,（待识别）,MD p15,"2016 年12 月14 日  股份公司成立日期  2022 年11 月28 日  注册资本  82,500,000.00  法定代表人  牛威  办公地址  中国（安徽）自由贸易试验区合肥市高新区望江西路900 号中安创谷科技 园一期A1 栋35 层  注册地址  中国（安徽）"
FP,920116__增资_005,920116,,增资,方股份,MD p48,"金林共同出资设立星图测控有限，其中，四 方股份出资1,200 万元（对应持有星图测控有限60%股权）；罗永红出资400 万元（对 应持有星图测控有限20%股权）；王金林出资400 万元（对应持有星图测控有限20% 股权）。罗永红、王金林于测控有限设立时所持有的全部股"
FP,920116__增资_006,920116,,增资,罗永红,MD p48,万元（对应持有星图测控有限60%股权）；罗永红出资400 万元（对 应持有星图测控有限20%股权）；王金林出资400 万元（对应持有星图测控有限20% 股权）。罗永红、王金林于测控有限设立时所持有的全部股权分别系为牛威和吴功友代 持。  2、代持解除情况  20
FP,920116__增资_007,920116,,增资,王金林,MD p48,元（对 应持有星图测控有限20%股权）；王金林出资400 万元（对应持有星图测控有限20% 股权）。罗永红、王金林于测控有限设立时所持有的全部股权分别系为牛威和吴功友代 持。  2、代持解除情况  2017 年10 月9 日，星图测控有限的股东会作出决议，同意：
FP,920116__增资_008,920116,,增资,公司认缴,MD p203,限公司于2024 年4 月24 日成立，公司认缴出资300 万元，持股比例30%， 截至报告期末公司未实缴出资。  科目具体情况及分析说明：  公司长期股权投资系参与投资岢岚九舟星辰航天科技有限公司所致。    7、 其他权益工具投资  □适用 √不适用   8、
