股票代码,公司,事件序号,日期,事件类型,PDF页码,evidence摘要,是否有截图
001282,三联锻造,1,2004-06-18,增资,31,2004年6月1日，孙国奉、孙国敏和张松满就设立三联有限签署了股东协议书及公司章程，注册资本500万元，孙国奉以机器设备,是
001282,三联锻造,2,2007-12,增资及股权转让,34,"2007年12月，三联有限第一次增资1,500万元，温州三联出资620万元，张爱连出资400万元，孙娟丽出资380万元，",是
001282,三联锻造,3,2014-05,增资,34,"2014年5月，三联有限第二次增资3,000万元，孙国奉出资1,995万元，张松满出资1,005万元。注册资本增至5,0",是
001282,三联锻造,4,2017-02,增资,36,"2017年2月，三联有限第三次增资1,150万元，由高新同华出资1,150万元。注册资本增至6,150万元。高新同华为私",是
001282,三联锻造,5,2018-11-26,其他,38,"2018年10月11日，三联有限召开股东会，同意整体变更设立股份有限公司。截至2018年7月31日，经审计净资产29,8",是
603418,友升股份,1,1992-12-04,设立,40,友升有限成立于1992年12月4日，由徐泾工业公司、友升太平洋美国共同出资设立的中外合资有限责任公司，注册资本为400万,是
603418,友升股份,2,2020-09-09,整体变更,41,"公司由上海友升铝业有限公司整体变更设立。根据会计师出具的《审计报告》，友升有限截至2020年5月31日的净资产为40,4",是
603418,友升股份,3,2020-09-27,增资,42,2020年9月，金浦临港基金、金浦科创基金和上海骁墨与本次增资前公司股东签署《投资协议》，约定金浦临港基金、金浦科创基金,是
603418,友升股份,4,2022-12-19,增资,43,"2022年12月4日，友升股份召开第一届董事会第十六次会议，同意增加注册资本至14,480.1333万元，新增股份的认购",是
301581,黄山谷捷,1,2012-06-12,增资,48,2012年4月11日，黄山市供销社出具《关于同意投资昆山谷捷项目的批复》（黄供财[2012]22号），同意设立谷捷有限。,是
301581,黄山谷捷,2,2021-04-07,股权转让,50,2020年12月30日，黄山市供销社、黄山供销集团出具批复，同意昆山谷捷将其所持谷捷有限78%、11%、11%的股权以零,是
301581,黄山谷捷,3,2021-04-13,其他,52,2020年12月24日，谷捷有限及昆山谷捷召开股东会，同意谷捷有限吸收合并昆山谷捷。2021年4月7日，谷捷有限召开股东,是
301581,黄山谷捷,4,2021-11-11,增资,54,2021年9月18日，赛格高技术、上汽科技与黄山供销集团、张俊武、周斌及谷捷有限签署《增资协议》，约定谷捷有限增加注册资,是
301581,黄山谷捷,5,2022-05-26,增资,54,"2022年5月20日，谷捷有限召开股东会，同意注册资本由1,714.2857万元增至1,804.5113万元，新增注册资",是
301581,黄山谷捷,6,2022-09-13,其他,56,"2022年8月24日，谷捷有限召开股东会，同意以截至2022年5月31日经审计的净资产20,152.51万元按1:0.2",是
301563,云汉芯城,1,2008-05-07,增资,56,2008年4月17日，深圳市云汉电子有限公司和刘云锋共同申请设立上海云汉电子有限公司，注册资本50万元，深圳云汉电子认缴,是
301563,云汉芯城,2,2009-12,增资及股权转让,58,2009年12月，有限公司第一次股权转让及增资，注册资本增至100万元。深圳市云汉电子有限公司将其持有的有限公司50%股,是
301563,云汉芯城,3,2014-08,增资,58,力源信息、东方富海及芜湖富海共同增资28.205万元，注册资本增至128.205万元。此轮引入了产业投资者力源信息（上市,是
301563,云汉芯城,4,2015-08,增资,60,"深创投、丰利财富、镇江红土、昆山红土、富海深湾、芜湖富海共同增资158.2733万元，注册资本增至2,158.2733万",是
301563,云汉芯城,5,2015-12-03,其他,62,"2015年10月15日，全体发起人签署《发起人协议书》。有限公司将经审计净资产额45,010,412.64元按1.125",是
301563,云汉芯城,6,2018-06-28,增资及股权转让,64,"2018年6月12日，国科瑞华以现金7,412万元认缴新增注册资本254.4787万元；CASREV FUND以1,80",是
301563,云汉芯城,7,2020-05-28,增资,66,"2020年5月20日召开临时股东大会，同意注册资本由4,635万元增至4,748.0488万元。火炬电子以现金5,000",是
301563,云汉芯城,8,2020-09-23,增资及股权转让,68,"2020年9月15日召开临时股东大会，同意注册资本由4,748.0488万元增至4,883.7074万元。厦门西堤以5,",是
688758,赛分科技,1,2009-03,增资,2,苏州众勤会计师事务所有限公司出具苏众勤（2009）第...号验资报告...赛分有限（筹）股东黄学英、沈建林、潘鼎签署了《,是
688758,赛分科技,3,2015-08,增资,57,2015年8月签署的《增资协议》中第五条'业绩承诺和补偿'，各方不再根据被终止条款享有任何权利或承担任何义务，作为补偿，,是
688758,赛分科技,4,2021-04,增资及股权转让,55,2021年2月24日，黄学英与复星惟盈、唐斌、张敏签署了《股权转让协议》。具体情况如下：黄学英向复星惟盈转让37.319,是
688758,赛分科技,5,2021-08,股权转让,57,2021年7月10日，赛分有限召开股东会并作出决议，同意黄学英将其持有的公司0.8%的注册资本22.00万元以人民币0元,是
688758,赛分科技,6,2021-11,增资,59,2021年10月28日，上述新增股东与赛分科技签署了《增资协议》。截至2021年11月，上述新增股东已支付完毕全部增资款,是
688758,赛分科技,7,2021-09-16,其他,52,2021年9月16日，赛分科技就整体变更为股份有限公司事项办理完毕工商变更登记手续，取得了江苏省市场监督管理局换发的《营,是
688775,影石创新,1,2015-07-09,增资,40,"2015年7月9日，北京岚锋以货币出资方式设立深圳岚锋，公司注册资本1,000.00万元。深圳岚锋设立时，股东情况为：北",是
688775,影石创新,2,2015-01,增资,42,2014年5月，刘靖康带领的管理团队得到IDG等投资机构的投资意向，并拟搭建VIE架构用于接受境外投资。自公司VIE架构,是
688775,影石创新,3,2016-01,增资,42,自公司VIE架构的搭建至其拆除期间，开曼岚锋持续引入新投资人。QM101 Limited（启明创投IV期基金）通过开曼岚,是
688775,影石创新,4,2017-01,增资,42,开曼岚锋持续引入新投资人，香港迅雷（Xunlei Network Technologies Limited）和厦门富凯通,是
688775,影石创新,5,2018-01,增资,42,开曼岚锋持续引入新投资人。伊敦传媒(苏宁)、华金同达、中证投资、金石智娱通过开曼岚锋持有公司权益。容诚验字[2020]5,是
688775,影石创新,6,2020-02-26,其他,44,"截至2019年10月31日，深圳岚锋账面净资产52,728.05万元。全体股东以其拥有的净资产52,728.05万元出资",是
688775,影石创新,7,2023-03-24,股权转让,53,"2023年1月28日和2023年2月17日，影石创新分别召开董事会和股东大会，同意德朴投资以1,462.7126万元的对",是
920100,三协电机,1,2002-11-07,设立,30,"公司全称: 常州三协电机股份有限公司。证券代码: 920100。注册资本: 5,310.93万元。法定代表人: 盛祎。成",是
920100,三协电机,2,2022-08-09,增资,31,2022年6月24日，公司召开第二届董事会第四次会议审议通过了《关于<常州三协电机股份有限公司股票定向发行说明书>的议案,是
920100,三协电机,3,2023-09-06,增资,32,2023年5月26日，公司召开第二届董事会第十三次会议审议通过了《关于<常州三协电机股份有限公司股票定向发行说明书>的议,是
920116,星图测控,1,2016-12-14,设立,48,"2016年12月，四方股份、罗永红、王金林共同出资设立星图测控有限，其中，四方股份出资1,200万元（对应持有星图测控有",是
920116,星图测控,2,2017-10-25,股权转让,48,2017年10月9日，星图测控有限的股东会作出决议，同意：罗永红将其持有的星图测控有限20%股权转让予牛威；王金林将其持,是
920116,星图测控,3,2024-06-30,其他,47,"截至本招股说明书签署日，公司总股本为82,500,000股。本次发行前股本结构：中科星图38,250,000股(46.3",是
