gold_id,stock_code,subscription_date,subscriber_name,claimed_source_page,review_status,traceability_status,recommended_action,evidence_text
GOLD-001282-2004-06-18-001,001282,2004-06-18,孙国奉,PDF p1,inherited_manual_gold,name_year_near,align_to_verbatim_source,2004年6月1日，孙国奉、孙国敏和张松满就设立三联有限签署了股东协议书及公司章程，注册资本500万元，孙国奉以机器设备出资175万元（35%）；孙国敏以货币和机器设备出资162.5万元（32.5%）；张松满以货币和机器设备出资162.5万元（32.5%）。2004年6月18日经芜湖市工商行政管理局核准。
GOLD-001282-2004-06-18-002,001282,2004-06-18,孙国敏,PDF p1,inherited_manual_gold,name_year_near,align_to_verbatim_source,2004年6月1日，孙国奉、孙国敏和张松满就设立三联有限签署了股东协议书及公司章程，注册资本500万元，孙国奉以机器设备出资175万元（35%）；孙国敏以货币和机器设备出资162.5万元（32.5%）；张松满以货币和机器设备出资162.5万元（32.5%）。2004年6月18日经芜湖市工商行政管理局核准。
GOLD-001282-2004-06-18-003,001282,2004-06-18,张松满,PDF p1,inherited_manual_gold,name_year_near,align_to_verbatim_source,2004年6月1日，孙国奉、孙国敏和张松满就设立三联有限签署了股东协议书及公司章程，注册资本500万元，孙国奉以机器设备出资175万元（35%）；孙国敏以货币和机器设备出资162.5万元（32.5%）；张松满以货币和机器设备出资162.5万元（32.5%）。2004年6月18日经芜湖市工商行政管理局核准。
GOLD-001282-2007-12-001,001282,2007-12,温州三联锻造有限公司,PDF p1,inherited_manual_gold,name_only,manual_source_review,"2007年12月，三联有限第一次增资1,500万元，温州三联出资620万元，张爱连出资400万元，孙娟丽出资380万元，孙国奉出资100万元。注册资本增至2,000万元。2008年1月，温州三联将395万元转让予孙国奉、97.5万元予孙国敏、127.5万元予张松满；孙娟丽将380万元转让予张松满；张爱连将400万元转让予孙国敏。"
GOLD-001282-2007-12-002,001282,2007-12,张爱连,PDF p1,inherited_manual_gold,name_only,manual_source_review,"2007年12月，三联有限第一次增资1,500万元，温州三联出资620万元，张爱连出资400万元，孙娟丽出资380万元，孙国奉出资100万元。注册资本增至2,000万元。2008年1月，温州三联将395万元转让予孙国奉、97.5万元予孙国敏、127.5万元予张松满；孙娟丽将380万元转让予张松满；张爱连将400万元转让予孙国敏。"
GOLD-001282-2007-12-003,001282,2007-12,孙娟丽,PDF p1,inherited_manual_gold,name_year_near,align_to_verbatim_source,"2007年12月，三联有限第一次增资1,500万元，温州三联出资620万元，张爱连出资400万元，孙娟丽出资380万元，孙国奉出资100万元。注册资本增至2,000万元。2008年1月，温州三联将395万元转让予孙国奉、97.5万元予孙国敏、127.5万元予张松满；孙娟丽将380万元转让予张松满；张爱连将400万元转让予孙国敏。"
GOLD-001282-2007-12-004,001282,2007-12,孙国奉,PDF p1,inherited_manual_gold,name_year_near,align_to_verbatim_source,"2007年12月，三联有限第一次增资1,500万元，温州三联出资620万元，张爱连出资400万元，孙娟丽出资380万元，孙国奉出资100万元。注册资本增至2,000万元。2008年1月，温州三联将395万元转让予孙国奉、97.5万元予孙国敏、127.5万元予张松满；孙娟丽将380万元转让予张松满；张爱连将400万元转让予孙国敏。"
GOLD-001282-2014-05-001,001282,2014-05,孙国奉,PDF p1,inherited_manual_gold,name_year_near,align_to_verbatim_source,"2014年5月，三联有限第二次增资3,000万元，孙国奉出资1,995万元，张松满出资1,005万元。注册资本增至5,000万元。增资后孙国奉66.50%，张松满33.50%。"
GOLD-001282-2014-05-002,001282,2014-05,张松满,PDF p1,inherited_manual_gold,name_year_near,align_to_verbatim_source,"2014年5月，三联有限第二次增资3,000万元，孙国奉出资1,995万元，张松满出资1,005万元。注册资本增至5,000万元。增资后孙国奉66.50%，张松满33.50%。"
GOLD-001282-2017-02-001,001282,2017-02,芜湖高新同华创业投资合伙企业（有限合伙）,PDF p1,inherited_manual_gold,name_absent,adjudicate_or_find_source,"2017年2月，三联有限第三次增资1,150万元，由高新同华出资1,150万元。注册资本增至6,150万元。高新同华为私募创业投资基金。"
GOLD-001282-2018-11-26-001,001282,2018-11-26,孙国奉,PDF p1,inherited_manual_gold,name_year_near,align_to_verbatim_source,"2018年10月11日，三联有限召开股东会，同意整体变更设立股份有限公司。截至2018年7月31日，经审计净资产29,828.50万元（调整后），按1:0.2732折股81,500,000股，每股面值1元。发起人为孙国奉、张一衡、孙国敏、孙仁豪、高新同华5名股东。2018年11月26日经芜湖市工商行政管理局核准。"
GOLD-001282-2018-11-26-002,001282,2018-11-26,张一衡,PDF p1,inherited_manual_gold,name_year_near,align_to_verbatim_source,"2018年10月11日，三联有限召开股东会，同意整体变更设立股份有限公司。截至2018年7月31日，经审计净资产29,828.50万元（调整后），按1:0.2732折股81,500,000股，每股面值1元。发起人为孙国奉、张一衡、孙国敏、孙仁豪、高新同华5名股东。2018年11月26日经芜湖市工商行政管理局核准。"
GOLD-001282-2018-11-26-003,001282,2018-11-26,孙国敏,PDF p1,inherited_manual_gold,name_year_near,align_to_verbatim_source,"2018年10月11日，三联有限召开股东会，同意整体变更设立股份有限公司。截至2018年7月31日，经审计净资产29,828.50万元（调整后），按1:0.2732折股81,500,000股，每股面值1元。发起人为孙国奉、张一衡、孙国敏、孙仁豪、高新同华5名股东。2018年11月26日经芜湖市工商行政管理局核准。"
GOLD-001282-2018-11-26-004,001282,2018-11-26,孙仁豪,PDF p1,inherited_manual_gold,name_year_near,align_to_verbatim_source,"2018年10月11日，三联有限召开股东会，同意整体变更设立股份有限公司。截至2018年7月31日，经审计净资产29,828.50万元（调整后），按1:0.2732折股81,500,000股，每股面值1元。发起人为孙国奉、张一衡、孙国敏、孙仁豪、高新同华5名股东。2018年11月26日经芜湖市工商行政管理局核准。"
GOLD-001282-2018-11-26-005,001282,2018-11-26,芜湖高新同华创业投资合伙企业（有限合伙）,PDF p1,inherited_manual_gold,name_absent,adjudicate_or_find_source,"2018年10月11日，三联有限召开股东会，同意整体变更设立股份有限公司。截至2018年7月31日，经审计净资产29,828.50万元（调整后），按1:0.2732折股81,500,000股，每股面值1元。发起人为孙国奉、张一衡、孙国敏、孙仁豪、高新同华5名股东。2018年11月26日经芜湖市工商行政管理局核准。"
GOLD-603418-1992-12-04-001,603418,1992-12-04,上海市青浦县徐泾乡工业公司,PDF p40-42,inherited_manual_gold,name_only,manual_source_review,友升有限成立于1992年12月4日，由徐泾工业公司、友升太平洋美国共同出资设立的中外合资有限责任公司，注册资本为400万美元。徐泾工业公司出资240万美元(60%)，友升太平洋美国出资160万美元(40%)。上海青浦会计师事务所分别于1993年8月20日、1996年12月31日出具验资报告，确认友升有限400万美元注册资金已全部到位。
GOLD-603418-1992-12-04-002,603418,1992-12-04,友升太平洋(美国)投资有限公司,PDF p40-42,inherited_manual_gold,name_only,manual_source_review,友升有限成立于1992年12月4日，由徐泾工业公司、友升太平洋美国共同出资设立的中外合资有限责任公司，注册资本为400万美元。徐泾工业公司出资240万美元(60%)，友升太平洋美国出资160万美元(40%)。上海青浦会计师事务所分别于1993年8月20日、1996年12月31日出具验资报告，确认友升有限400万美元注册资金已全部到位。
GOLD-603418-2020-09-09-001,603418,2020-09-09,上海泽升贸易有限公司,PDF p41-42,inherited_manual_gold,name_year_near,align_to_verbatim_source,"公司由上海友升铝业有限公司整体变更设立。根据会计师出具的《审计报告》，友升有限截至2020年5月31日的净资产为40,482.37万元。以友升有限截至2020年5月31日的净资产40,482.37万元按3.3735:1的比例折合股本12,000.00万元（每股面值1.00元）。泽升贸易8,976.00万股(74.80%)，达晨创联基金1,800.00万股(15.00%)，共青城泽升1,020.00万股(8.50%)，罗世兵204.00万股(1.70%)。"
GOLD-603418-2020-09-09-002,603418,2020-09-09,深圳市达晨创联私募股权投资基金合伙企业(有限合伙),PDF p41-42,inherited_manual_gold,name_only,manual_source_review,"公司由上海友升铝业有限公司整体变更设立。根据会计师出具的《审计报告》，友升有限截至2020年5月31日的净资产为40,482.37万元。以友升有限截至2020年5月31日的净资产40,482.37万元按3.3735:1的比例折合股本12,000.00万元（每股面值1.00元）。泽升贸易8,976.00万股(74.80%)，达晨创联基金1,800.00万股(15.00%)，共青城泽升1,020.00万股(8.50%)，罗世兵204.00万股(1.70%)。"
GOLD-603418-2020-09-09-003,603418,2020-09-09,共青城泽升投资管理合伙企业(有限合伙),PDF p41-42,inherited_manual_gold,name_only,manual_source_review,"公司由上海友升铝业有限公司整体变更设立。根据会计师出具的《审计报告》，友升有限截至2020年5月31日的净资产为40,482.37万元。以友升有限截至2020年5月31日的净资产40,482.37万元按3.3735:1的比例折合股本12,000.00万元（每股面值1.00元）。泽升贸易8,976.00万股(74.80%)，达晨创联基金1,800.00万股(15.00%)，共青城泽升1,020.00万股(8.50%)，罗世兵204.00万股(1.70%)。"
GOLD-603418-2020-09-09-004,603418,2020-09-09,罗世兵,PDF p41-42,inherited_manual_gold,name_year_near,align_to_verbatim_source,"公司由上海友升铝业有限公司整体变更设立。根据会计师出具的《审计报告》，友升有限截至2020年5月31日的净资产为40,482.37万元。以友升有限截至2020年5月31日的净资产40,482.37万元按3.3735:1的比例折合股本12,000.00万元（每股面值1.00元）。泽升贸易8,976.00万股(74.80%)，达晨创联基金1,800.00万股(15.00%)，共青城泽升1,020.00万股(8.50%)，罗世兵204.00万股(1.70%)。"
GOLD-603418-2020-09-27-001,603418,2020-09-27,上海金浦临港智能科技股权投资基金合伙企业(有限合伙),PDF p42-43,inherited_manual_gold,name_only,manual_source_review,"2020年9月，金浦临港基金、金浦科创基金和上海骁墨与本次增资前公司股东签署《投资协议》，约定金浦临港基金、金浦科创基金和上海骁墨分别以7,000万元、3,000万元和1,500万元认购发行人新增注册资本840万元、360万元和180万元。新增股份的认购价格为8.3333元/股。2020年9月30日完成工商变更。"
GOLD-603418-2020-09-27-002,603418,2020-09-27,上海金浦科技创业股权投资基金合伙企业(有限合伙),PDF p42-43,inherited_manual_gold,name_year_near,align_to_verbatim_source,"2020年9月，金浦临港基金、金浦科创基金和上海骁墨与本次增资前公司股东签署《投资协议》，约定金浦临港基金、金浦科创基金和上海骁墨分别以7,000万元、3,000万元和1,500万元认购发行人新增注册资本840万元、360万元和180万元。新增股份的认购价格为8.3333元/股。2020年9月30日完成工商变更。"
GOLD-603418-2020-09-27-003,603418,2020-09-27,上海骁墨信息技术服务中心(有限合伙),PDF p42-43,inherited_manual_gold,name_only,manual_source_review,"2020年9月，金浦临港基金、金浦科创基金和上海骁墨与本次增资前公司股东签署《投资协议》，约定金浦临港基金、金浦科创基金和上海骁墨分别以7,000万元、3,000万元和1,500万元认购发行人新增注册资本840万元、360万元和180万元。新增股份的认购价格为8.3333元/股。2020年9月30日完成工商变更。"
GOLD-603418-2022-12-19-001,603418,2022-12-19,深圳市杉晖创业投资合伙企业(有限合伙),PDF p43-45,inherited_manual_gold,name_year_near,align_to_verbatim_source,"2022年12月4日，友升股份召开第一届董事会第十六次会议，同意增加注册资本至14,480.1333万元，新增股份的认购价格为33.6323元/股。杉晖创业认购297.3333万股(10,000万元)，上海联炻认购297.3333万股(10,000万元)，安吉璞颉认购148.6667万股(5,000万元)，财投晨源认购89.2万股(3,000万元)，深圳达晨创程认购86.5984万股(2,912.5万元)，杉创智至认购59.4667万股(2,000万元)，杭州达晨创程认购51.959万股(1,747.5万元)，达晨财汇认购29.7333万股(1,000万元)，达晨财智认购29.7333万股(1,000万元)，财智创赢认购10.1093万股(340万元)。合计1,100.1333万股，37,000万元。"
GOLD-603418-2022-12-19-002,603418,2022-12-19,上海联炻企业管理中心(有限合伙),PDF p43-45,inherited_manual_gold,name_year_near,align_to_verbatim_source,"2022年12月4日，友升股份召开第一届董事会第十六次会议，同意增加注册资本至14,480.1333万元，新增股份的认购价格为33.6323元/股。杉晖创业认购297.3333万股(10,000万元)，上海联炻认购297.3333万股(10,000万元)，安吉璞颉认购148.6667万股(5,000万元)，财投晨源认购89.2万股(3,000万元)，深圳达晨创程认购86.5984万股(2,912.5万元)，杉创智至认购59.4667万股(2,000万元)，杭州达晨创程认购51.959万股(1,747.5万元)，达晨财汇认购29.7333万股(1,000万元)，达晨财智认购29.7333万股(1,000万元)，财智创赢认购10.1093万股(340万元)。合计1,100.1333万股，37,000万元。"
GOLD-603418-2022-12-19-003,603418,2022-12-19,安吉璞颉企业管理合伙企业(有限合伙),PDF p43-45,inherited_manual_gold,name_year_near,align_to_verbatim_source,"2022年12月4日，友升股份召开第一届董事会第十六次会议，同意增加注册资本至14,480.1333万元，新增股份的认购价格为33.6323元/股。杉晖创业认购297.3333万股(10,000万元)，上海联炻认购297.3333万股(10,000万元)，安吉璞颉认购148.6667万股(5,000万元)，财投晨源认购89.2万股(3,000万元)，深圳达晨创程认购86.5984万股(2,912.5万元)，杉创智至认购59.4667万股(2,000万元)，杭州达晨创程认购51.959万股(1,747.5万元)，达晨财汇认购29.7333万股(1,000万元)，达晨财智认购29.7333万股(1,000万元)，财智创赢认购10.1093万股(340万元)。合计1,100.1333万股，37,000万元。"
GOLD-603418-2022-12-19-004,603418,2022-12-19,江西赣江新区财投晨源股权投资中心(有限合伙),PDF p43-45,inherited_manual_gold,name_year_near,align_to_verbatim_source,"2022年12月4日，友升股份召开第一届董事会第十六次会议，同意增加注册资本至14,480.1333万元，新增股份的认购价格为33.6323元/股。杉晖创业认购297.3333万股(10,000万元)，上海联炻认购297.3333万股(10,000万元)，安吉璞颉认购148.6667万股(5,000万元)，财投晨源认购89.2万股(3,000万元)，深圳达晨创程认购86.5984万股(2,912.5万元)，杉创智至认购59.4667万股(2,000万元)，杭州达晨创程认购51.959万股(1,747.5万元)，达晨财汇认购29.7333万股(1,000万元)，达晨财智认购29.7333万股(1,000万元)，财智创赢认购10.1093万股(340万元)。合计1,100.1333万股，37,000万元。"
GOLD-603418-2022-12-19-005,603418,2022-12-19,深圳市达晨创程私募股权投资基金企业(有限合伙),PDF p43-45,inherited_manual_gold,name_year_near,align_to_verbatim_source,"2022年12月4日，友升股份召开第一届董事会第十六次会议，同意增加注册资本至14,480.1333万元，新增股份的认购价格为33.6323元/股。杉晖创业认购297.3333万股(10,000万元)，上海联炻认购297.3333万股(10,000万元)，安吉璞颉认购148.6667万股(5,000万元)，财投晨源认购89.2万股(3,000万元)，深圳达晨创程认购86.5984万股(2,912.5万元)，杉创智至认购59.4667万股(2,000万元)，杭州达晨创程认购51.959万股(1,747.5万元)，达晨财汇认购29.7333万股(1,000万元)，达晨财智认购29.7333万股(1,000万元)，财智创赢认购10.1093万股(340万元)。合计1,100.1333万股，37,000万元。"
GOLD-603418-2022-12-19-006,603418,2022-12-19,上海杉创智至创业投资合伙企业(有限合伙),PDF p43-45,inherited_manual_gold,name_year_near,align_to_verbatim_source,"2022年12月4日，友升股份召开第一届董事会第十六次会议，同意增加注册资本至14,480.1333万元，新增股份的认购价格为33.6323元/股。杉晖创业认购297.3333万股(10,000万元)，上海联炻认购297.3333万股(10,000万元)，安吉璞颉认购148.6667万股(5,000万元)，财投晨源认购89.2万股(3,000万元)，深圳达晨创程认购86.5984万股(2,912.5万元)，杉创智至认购59.4667万股(2,000万元)，杭州达晨创程认购51.959万股(1,747.5万元)，达晨财汇认购29.7333万股(1,000万元)，达晨财智认购29.7333万股(1,000万元)，财智创赢认购10.1093万股(340万元)。合计1,100.1333万股，37,000万元。"
GOLD-603418-2022-12-19-007,603418,2022-12-19,杭州达晨创程股权投资基金合伙企业(有限合伙),PDF p43-45,inherited_manual_gold,name_year_near,align_to_verbatim_source,"2022年12月4日，友升股份召开第一届董事会第十六次会议，同意增加注册资本至14,480.1333万元，新增股份的认购价格为33.6323元/股。杉晖创业认购297.3333万股(10,000万元)，上海联炻认购297.3333万股(10,000万元)，安吉璞颉认购148.6667万股(5,000万元)，财投晨源认购89.2万股(3,000万元)，深圳达晨创程认购86.5984万股(2,912.5万元)，杉创智至认购59.4667万股(2,000万元)，杭州达晨创程认购51.959万股(1,747.5万元)，达晨财汇认购29.7333万股(1,000万元)，达晨财智认购29.7333万股(1,000万元)，财智创赢认购10.1093万股(340万元)。合计1,100.1333万股，37,000万元。"
GOLD-603418-2022-12-19-008,603418,2022-12-19,海南三亚达晨财汇私募股权投资基金合伙企业(有限合伙),PDF p43-45,inherited_manual_gold,name_year_near,align_to_verbatim_source,"2022年12月4日，友升股份召开第一届董事会第十六次会议，同意增加注册资本至14,480.1333万元，新增股份的认购价格为33.6323元/股。杉晖创业认购297.3333万股(10,000万元)，上海联炻认购297.3333万股(10,000万元)，安吉璞颉认购148.6667万股(5,000万元)，财投晨源认购89.2万股(3,000万元)，深圳达晨创程认购86.5984万股(2,912.5万元)，杉创智至认购59.4667万股(2,000万元)，杭州达晨创程认购51.959万股(1,747.5万元)，达晨财汇认购29.7333万股(1,000万元)，达晨财智认购29.7333万股(1,000万元)，财智创赢认购10.1093万股(340万元)。合计1,100.1333万股，37,000万元。"
GOLD-603418-2022-12-19-009,603418,2022-12-19,深圳市达晨财智创业投资管理有限公司,PDF p43-45,inherited_manual_gold,name_year_near,align_to_verbatim_source,"2022年12月4日，友升股份召开第一届董事会第十六次会议，同意增加注册资本至14,480.1333万元，新增股份的认购价格为33.6323元/股。杉晖创业认购297.3333万股(10,000万元)，上海联炻认购297.3333万股(10,000万元)，安吉璞颉认购148.6667万股(5,000万元)，财投晨源认购89.2万股(3,000万元)，深圳达晨创程认购86.5984万股(2,912.5万元)，杉创智至认购59.4667万股(2,000万元)，杭州达晨创程认购51.959万股(1,747.5万元)，达晨财汇认购29.7333万股(1,000万元)，达晨财智认购29.7333万股(1,000万元)，财智创赢认购10.1093万股(340万元)。合计1,100.1333万股，37,000万元。"
GOLD-603418-2022-12-19-010,603418,2022-12-19,深圳市财智创赢私募股权投资企业(有限合伙),PDF p43-45,inherited_manual_gold,name_only,manual_source_review,"2022年12月4日，友升股份召开第一届董事会第十六次会议，同意增加注册资本至14,480.1333万元，新增股份的认购价格为33.6323元/股。杉晖创业认购297.3333万股(10,000万元)，上海联炻认购297.3333万股(10,000万元)，安吉璞颉认购148.6667万股(5,000万元)，财投晨源认购89.2万股(3,000万元)，深圳达晨创程认购86.5984万股(2,912.5万元)，杉创智至认购59.4667万股(2,000万元)，杭州达晨创程认购51.959万股(1,747.5万元)，达晨财汇认购29.7333万股(1,000万元)，达晨财智认购29.7333万股(1,000万元)，财智创赢认购10.1093万股(340万元)。合计1,100.1333万股，37,000万元。"
GOLD-301581-2012-06-12-001,301581,2012-06-12,昆山谷捷金属制品有限公司,PDF p1,inherited_manual_gold,name_year_near,align_to_verbatim_source,"2012年4月11日，黄山市供销社出具《关于同意投资昆山谷捷项目的批复》（黄供财[2012]22号），同意设立谷捷有限。2012年5月28日，谷捷有限股东昆山谷捷作出股东决定，同意由昆山谷捷出资1,000万元设立谷捷有限。2012年6月12日，安徽天正达会计师事务所出具《验资报告》，确认谷捷有限已收到昆山谷捷缴纳的注册资本1,000万元，出资方式为货币。设立时昆山谷捷持股100%。"
GOLD-301581-2021-04-13-001,301581,2021-04-13,黄山供销集团有限公司,PDF p1,inherited_manual_gold,name_year_near,align_to_verbatim_source,"2020年12月24日，谷捷有限及昆山谷捷召开股东会，同意谷捷有限吸收合并昆山谷捷。2021年4月7日，谷捷有限召开股东会，吸收合并后注册资本变更为1,200万元（黄山供销集团936万、张俊武132万、周斌132万）。本次吸收合并系同一股权结构下的公司架构调整。截至2021年3月31日，昆山谷捷净资产账面价值380.94万元，谷捷有限净资产账面价值2,912.30万元，评估价值9,651.75万元。"
GOLD-301581-2021-04-13-002,301581,2021-04-13,张俊武,PDF p1,inherited_manual_gold,name_year_near,align_to_verbatim_source,"2020年12月24日，谷捷有限及昆山谷捷召开股东会，同意谷捷有限吸收合并昆山谷捷。2021年4月7日，谷捷有限召开股东会，吸收合并后注册资本变更为1,200万元（黄山供销集团936万、张俊武132万、周斌132万）。本次吸收合并系同一股权结构下的公司架构调整。截至2021年3月31日，昆山谷捷净资产账面价值380.94万元，谷捷有限净资产账面价值2,912.30万元，评估价值9,651.75万元。"
GOLD-301581-2021-04-13-003,301581,2021-04-13,周斌,PDF p1,inherited_manual_gold,name_year_near,align_to_verbatim_source,"2020年12月24日，谷捷有限及昆山谷捷召开股东会，同意谷捷有限吸收合并昆山谷捷。2021年4月7日，谷捷有限召开股东会，吸收合并后注册资本变更为1,200万元（黄山供销集团936万、张俊武132万、周斌132万）。本次吸收合并系同一股权结构下的公司架构调整。截至2021年3月31日，昆山谷捷净资产账面价值380.94万元，谷捷有限净资产账面价值2,912.30万元，评估价值9,651.75万元。"
GOLD-301581-2021-11-11-001,301581,2021-11-11,上海广弘实业有限公司,PDF p1,inherited_manual_gold,name_year_near,align_to_verbatim_source,2021年9月18日，赛格高技术、上汽科技与黄山供销集团、张俊武、周斌及谷捷有限签署《增资协议》，约定谷捷有限增加注册资本514.2857万元，其中赛格高技术认缴462.8571万元、上汽科技认缴51.4286万元，增资价格为22.42元/注册资本，出资方式为货币。增资后：黄山供销集团54.60%、赛格高技术27.00%、张俊武7.70%、周斌7.70%、上汽科技3.00%。
GOLD-301581-2021-11-11-002,301581,2021-11-11,"SAIC TECHNOLOGIES FUND II, LLC",PDF p1,inherited_manual_gold,name_year_near,align_to_verbatim_source,2021年9月18日，赛格高技术、上汽科技与黄山供销集团、张俊武、周斌及谷捷有限签署《增资协议》，约定谷捷有限增加注册资本514.2857万元，其中赛格高技术认缴462.8571万元、上汽科技认缴51.4286万元，增资价格为22.42元/注册资本，出资方式为货币。增资后：黄山供销集团54.60%、赛格高技术27.00%、张俊武7.70%、周斌7.70%、上汽科技3.00%。
GOLD-301581-2022-05-26-001,301581,2022-05-26,黄山佳捷股权管理中心（有限合伙）,PDF p1,inherited_manual_gold,name_year_near,align_to_verbatim_source,"2022年5月20日，谷捷有限召开股东会，同意注册资本由1,714.2857万元增至1,804.5113万元，新增注册资本90.2256万元由员工持股平台黄山佳捷全额认缴。增资价格为23.55元/注册资本，出资方式为货币。增资后：黄山供销集团51.87%、赛格高技术25.65%、张俊武7.315%、周斌7.315%、黄山佳捷5.00%、上汽科技2.85%。"
GOLD-301581-2022-09-13-001,301581,2022-09-13,黄山供销集团有限公司,PDF p1,inherited_manual_gold,name_year_near,align_to_verbatim_source,"2022年8月24日，谷捷有限召开股东会，同意以截至2022年5月31日经审计的净资产20,152.51万元按1:0.29773比例折成6,000万股，每股面值1元，净资产余额14,152.51万元转为资本公积，整体变更后各股东持股比例保持不变。2022年9月13日取得换发营业执照。"
GOLD-301581-2022-09-13-002,301581,2022-09-13,上海广弘实业有限公司,PDF p1,inherited_manual_gold,name_year_near,align_to_verbatim_source,"2022年8月24日，谷捷有限召开股东会，同意以截至2022年5月31日经审计的净资产20,152.51万元按1:0.29773比例折成6,000万股，每股面值1元，净资产余额14,152.51万元转为资本公积，整体变更后各股东持股比例保持不变。2022年9月13日取得换发营业执照。"
GOLD-301581-2022-09-13-003,301581,2022-09-13,张俊武,PDF p1,inherited_manual_gold,name_year_near,align_to_verbatim_source,"2022年8月24日，谷捷有限召开股东会，同意以截至2022年5月31日经审计的净资产20,152.51万元按1:0.29773比例折成6,000万股，每股面值1元，净资产余额14,152.51万元转为资本公积，整体变更后各股东持股比例保持不变。2022年9月13日取得换发营业执照。"
GOLD-301581-2022-09-13-004,301581,2022-09-13,周斌,PDF p1,inherited_manual_gold,name_year_near,align_to_verbatim_source,"2022年8月24日，谷捷有限召开股东会，同意以截至2022年5月31日经审计的净资产20,152.51万元按1:0.29773比例折成6,000万股，每股面值1元，净资产余额14,152.51万元转为资本公积，整体变更后各股东持股比例保持不变。2022年9月13日取得换发营业执照。"
GOLD-301581-2022-09-13-005,301581,2022-09-13,黄山佳捷股权管理中心（有限合伙）,PDF p1,inherited_manual_gold,name_year_near,align_to_verbatim_source,"2022年8月24日，谷捷有限召开股东会，同意以截至2022年5月31日经审计的净资产20,152.51万元按1:0.29773比例折成6,000万股，每股面值1元，净资产余额14,152.51万元转为资本公积，整体变更后各股东持股比例保持不变。2022年9月13日取得换发营业执照。"
GOLD-301581-2022-09-13-006,301581,2022-09-13,"SAIC TECHNOLOGIES FUND II, LLC",PDF p1,inherited_manual_gold,name_year_near,align_to_verbatim_source,"2022年8月24日，谷捷有限召开股东会，同意以截至2022年5月31日经审计的净资产20,152.51万元按1:0.29773比例折成6,000万股，每股面值1元，净资产余额14,152.51万元转为资本公积，整体变更后各股东持股比例保持不变。2022年9月13日取得换发营业执照。"
GOLD-301563-2008-05-07-001,301563,2008-05-07,深圳市云汉电子有限公司,PDF p1,inherited_manual_gold,name_year_near,align_to_verbatim_source,2008年4月17日，深圳市云汉电子有限公司和刘云锋共同申请设立上海云汉电子有限公司，注册资本50万元，深圳云汉电子认缴25万元（50%），刘云锋认缴25万元（50%）。2008年5月7日办理完毕工商登记。
GOLD-301563-2008-05-07-002,301563,2008-05-07,刘云锋,PDF p1,inherited_manual_gold,name_year_near,align_to_verbatim_source,2008年4月17日，深圳市云汉电子有限公司和刘云锋共同申请设立上海云汉电子有限公司，注册资本50万元，深圳云汉电子认缴25万元（50%），刘云锋认缴25万元（50%）。2008年5月7日办理完毕工商登记。
GOLD-301563-2009-12-001,301563,2009-12,曾烨,PDF p1,inherited_manual_gold,name_year_near,align_to_verbatim_source,2009年12月，有限公司第一次股权转让及增资，注册资本增至100万元。深圳市云汉电子有限公司将其持有的有限公司50%股权转让给曾烨。曾烨、刘云锋按原持股比例增资50万元，注册资本增至100万元。
GOLD-301563-2009-12-002,301563,2009-12,刘云锋,PDF p1,inherited_manual_gold,name_year_near,align_to_verbatim_source,2009年12月，有限公司第一次股权转让及增资，注册资本增至100万元。深圳市云汉电子有限公司将其持有的有限公司50%股权转让给曾烨。曾烨、刘云锋按原持股比例增资50万元，注册资本增至100万元。
GOLD-301563-2014-08-001,301563,2014-08,武汉力源信息技术股份有限公司,PDF p1,inherited_manual_gold,name_year_near,align_to_verbatim_source,力源信息、东方富海及芜湖富海共同增资28.205万元，注册资本增至128.205万元。此轮引入了产业投资者力源信息（上市公司）及知名投资机构东方富海系。
GOLD-301563-2014-08-002,301563,2014-08,东方富海（上海）创业投资企业（有限合伙）,PDF p1,inherited_manual_gold,name_only,manual_source_review,力源信息、东方富海及芜湖富海共同增资28.205万元，注册资本增至128.205万元。此轮引入了产业投资者力源信息（上市公司）及知名投资机构东方富海系。
GOLD-301563-2014-08-003,301563,2014-08,芜湖富海浩研创业投资基金（有限合伙）,PDF p1,inherited_manual_gold,name_only,manual_source_review,力源信息、东方富海及芜湖富海共同增资28.205万元，注册资本增至128.205万元。此轮引入了产业投资者力源信息（上市公司）及知名投资机构东方富海系。
GOLD-301563-2015-08-001,301563,2015-08,深圳市创新投资集团有限公司,PDF p1,inherited_manual_gold,name_year_near,align_to_verbatim_source,"深创投、丰利财富、镇江红土、昆山红土、富海深湾、芜湖富海共同增资158.2733万元，注册资本增至2,158.2733万元。丰利财富代表其管理的丰利新三板基金投资，投资总额1,000万元。B轮投资协议约定了2015年、2016年、2017-2018年业绩承诺及上市承诺。"
GOLD-301563-2015-08-002,301563,2015-08,丰利财富（北京）国际资本管理股份有限公司,PDF p1,inherited_manual_gold,name_year_near,align_to_verbatim_source,"深创投、丰利财富、镇江红土、昆山红土、富海深湾、芜湖富海共同增资158.2733万元，注册资本增至2,158.2733万元。丰利财富代表其管理的丰利新三板基金投资，投资总额1,000万元。B轮投资协议约定了2015年、2016年、2017-2018年业绩承诺及上市承诺。"
GOLD-301563-2015-08-003,301563,2015-08,镇江红土创业投资有限公司,PDF p1,inherited_manual_gold,name_year_near,align_to_verbatim_source,"深创投、丰利财富、镇江红土、昆山红土、富海深湾、芜湖富海共同增资158.2733万元，注册资本增至2,158.2733万元。丰利财富代表其管理的丰利新三板基金投资，投资总额1,000万元。B轮投资协议约定了2015年、2016年、2017-2018年业绩承诺及上市承诺。"
GOLD-301563-2015-08-004,301563,2015-08,昆山红土高新创业投资有限公司,PDF p1,inherited_manual_gold,name_year_near,align_to_verbatim_source,"深创投、丰利财富、镇江红土、昆山红土、富海深湾、芜湖富海共同增资158.2733万元，注册资本增至2,158.2733万元。丰利财富代表其管理的丰利新三板基金投资，投资总额1,000万元。B轮投资协议约定了2015年、2016年、2017-2018年业绩承诺及上市承诺。"
GOLD-301563-2015-08-005,301563,2015-08,富海深湾（深圳）移动创新私募创业投资基金合伙企业（有限合伙）,PDF p1,inherited_manual_gold,name_year_near,align_to_verbatim_source,"深创投、丰利财富、镇江红土、昆山红土、富海深湾、芜湖富海共同增资158.2733万元，注册资本增至2,158.2733万元。丰利财富代表其管理的丰利新三板基金投资，投资总额1,000万元。B轮投资协议约定了2015年、2016年、2017-2018年业绩承诺及上市承诺。"
GOLD-301563-2015-12-03-001,301563,2015-12-03,曾烨,PDF p1,inherited_manual_gold,name_year_near,align_to_verbatim_source,"2015年10月15日，全体发起人签署《发起人协议书》。有限公司将经审计净资产额45,010,412.64元按1.1253:1的比例折成4,000万股，每股面值1元，其余5,010,412.64元计入资本公积。2015年12月3日，上海市工商行政管理局核准。"
GOLD-301563-2015-12-03-002,301563,2015-12-03,刘云锋,PDF p1,inherited_manual_gold,name_year_near,align_to_verbatim_source,"2015年10月15日，全体发起人签署《发起人协议书》。有限公司将经审计净资产额45,010,412.64元按1.1253:1的比例折成4,000万股，每股面值1元，其余5,010,412.64元计入资本公积。2015年12月3日，上海市工商行政管理局核准。"
GOLD-301563-2015-12-03-003,301563,2015-12-03,武汉力源信息技术股份有限公司,PDF p1,inherited_manual_gold,name_year_near,align_to_verbatim_source,"2015年10月15日，全体发起人签署《发起人协议书》。有限公司将经审计净资产额45,010,412.64元按1.1253:1的比例折成4,000万股，每股面值1元，其余5,010,412.64元计入资本公积。2015年12月3日，上海市工商行政管理局核准。"
GOLD-301563-2018-06-28-001,301563,2018-06-28,国科瑞华（北京）创业投资合伙企业（有限合伙）,PDF p1,inherited_manual_gold,name_absent,adjudicate_or_find_source,"2018年6月12日，国科瑞华以现金7,412万元认缴新增注册资本254.4787万元；CASREV FUND以1,800万元等值美元认缴61.8万元；中科贵银以1,584万元认缴54.384万元；夏东以204万元认缴7.004万元；南山富海以3,000万元认缴103万元；珠海拓域以1,000万元认缴34.3333万元。每股价格约29.13元，对应投后估值约13.5亿元。注册资本增至4,635万元。"
GOLD-301563-2018-06-28-002,301563,2018-06-28,CASREV FUND,PDF p1,inherited_manual_gold,name_year_near,align_to_verbatim_source,"2018年6月12日，国科瑞华以现金7,412万元认缴新增注册资本254.4787万元；CASREV FUND以1,800万元等值美元认缴61.8万元；中科贵银以1,584万元认缴54.384万元；夏东以204万元认缴7.004万元；南山富海以3,000万元认缴103万元；珠海拓域以1,000万元认缴34.3333万元。每股价格约29.13元，对应投后估值约13.5亿元。注册资本增至4,635万元。"
GOLD-301563-2018-06-28-003,301563,2018-06-28,中科贵银（贵州）创业投资中心（有限合伙）,PDF p1,inherited_manual_gold,name_absent,adjudicate_or_find_source,"2018年6月12日，国科瑞华以现金7,412万元认缴新增注册资本254.4787万元；CASREV FUND以1,800万元等值美元认缴61.8万元；中科贵银以1,584万元认缴54.384万元；夏东以204万元认缴7.004万元；南山富海以3,000万元认缴103万元；珠海拓域以1,000万元认缴34.3333万元。每股价格约29.13元，对应投后估值约13.5亿元。注册资本增至4,635万元。"
GOLD-301563-2018-06-28-004,301563,2018-06-28,深圳南山富海中小企业发展基金合伙企业（有限合伙）,PDF p1,inherited_manual_gold,name_absent,adjudicate_or_find_source,"2018年6月12日，国科瑞华以现金7,412万元认缴新增注册资本254.4787万元；CASREV FUND以1,800万元等值美元认缴61.8万元；中科贵银以1,584万元认缴54.384万元；夏东以204万元认缴7.004万元；南山富海以3,000万元认缴103万元；珠海拓域以1,000万元认缴34.3333万元。每股价格约29.13元，对应投后估值约13.5亿元。注册资本增至4,635万元。"
GOLD-301563-2018-06-28-005,301563,2018-06-28,珠海拓域投资合伙企业（有限合伙）,PDF p1,inherited_manual_gold,name_absent,adjudicate_or_find_source,"2018年6月12日，国科瑞华以现金7,412万元认缴新增注册资本254.4787万元；CASREV FUND以1,800万元等值美元认缴61.8万元；中科贵银以1,584万元认缴54.384万元；夏东以204万元认缴7.004万元；南山富海以3,000万元认缴103万元；珠海拓域以1,000万元认缴34.3333万元。每股价格约29.13元，对应投后估值约13.5亿元。注册资本增至4,635万元。"
GOLD-301563-2018-06-28-006,301563,2018-06-28,夏东,PDF p1,inherited_manual_gold,name_year_near,align_to_verbatim_source,"2018年6月12日，国科瑞华以现金7,412万元认缴新增注册资本254.4787万元；CASREV FUND以1,800万元等值美元认缴61.8万元；中科贵银以1,584万元认缴54.384万元；夏东以204万元认缴7.004万元；南山富海以3,000万元认缴103万元；珠海拓域以1,000万元认缴34.3333万元。每股价格约29.13元，对应投后估值约13.5亿元。注册资本增至4,635万元。"
GOLD-301563-2020-05-28-001,301563,2020-05-28,火炬电子科技股份有限公司,PDF p1,inherited_manual_gold,name_only,manual_source_review,"2020年5月20日召开临时股东大会，同意注册资本由4,635万元增至4,748.0488万元。火炬电子以现金5,000万元认购新增股份113.0488万股，每股价格约44.23元，对应投后估值约21亿元。"
GOLD-301563-2020-09-23-001,301563,2020-09-23,厦门西堤股权投资合伙企业（有限合伙）,PDF p1,inherited_manual_gold,name_absent,adjudicate_or_find_source,"2020年9月15日召开临时股东大会，同意注册资本由4,748.0488万元增至4,883.7074万元。厦门西堤以5,000万元认购96.899万股，中小企业基金以2,000万元认购38.7596万股。每股价格约51.6元，对应投后估值约25.2亿元。"
GOLD-301563-2020-09-23-002,301563,2020-09-23,中小企业发展基金（深圳有限合伙）,PDF p1,inherited_manual_gold,name_absent,adjudicate_or_find_source,"2020年9月15日召开临时股东大会，同意注册资本由4,748.0488万元增至4,883.7074万元。厦门西堤以5,000万元认购96.899万股，中小企业基金以2,000万元认购38.7596万股。每股价格约51.6元，对应投后估值约25.2亿元。"
GOLD-688758-2009-03-001,688758,2009-03,黄学英,PDF p2,inherited_manual_gold,name_year_near,align_to_verbatim_source,苏州众勤会计师事务所有限公司出具苏众勤（2009）第...号验资报告...赛分有限（筹）股东黄学英、沈建林、潘鼎签署了《苏州赛分科技有限公司章程》。江苏省苏州工商行政管理局出具《名称预先登记核准通知书》。
GOLD-688758-2009-03-002,688758,2009-03,沈建林,PDF p2,inherited_manual_gold,name_year_near,align_to_verbatim_source,苏州众勤会计师事务所有限公司出具苏众勤（2009）第...号验资报告...赛分有限（筹）股东黄学英、沈建林、潘鼎签署了《苏州赛分科技有限公司章程》。江苏省苏州工商行政管理局出具《名称预先登记核准通知书》。
GOLD-688758-2009-03-003,688758,2009-03,潘鼎,PDF p2,inherited_manual_gold,name_year_near,align_to_verbatim_source,苏州众勤会计师事务所有限公司出具苏众勤（2009）第...号验资报告...赛分有限（筹）股东黄学英、沈建林、潘鼎签署了《苏州赛分科技有限公司章程》。江苏省苏州工商行政管理局出具《名称预先登记核准通知书》。
GOLD-688758-2015-08-001,688758,2015-08,安徽高新同华创业投资基金（有限合伙）,PDF p57-58,inherited_manual_gold,name_year_near,align_to_verbatim_source,2015年8月签署的《增资协议》中第五条'业绩承诺和补偿'，各方不再根据被终止条款享有任何权利或承担任何义务，作为补偿，黄学英同意以合计人民币0元的价格向高新同华转让其所持有的赛分有限22万元注册资本。双方将另行签署《股权转让协议》。
GOLD-688758-2021-04-001,688758,2021-04,上海复星惟盈股权投资基金合伙企业（有限合伙）,PDF p55-56,inherited_manual_gold,name_absent,adjudicate_or_find_source,"2021年2月24日，黄学英与复星惟盈、唐斌、张敏签署了《股权转让协议》。具体情况如下：黄学英向复星惟盈转让37.3190万元注册资本，转让单价51.52元/注册资本，转让价格1,922.8571万元；向朱勤华转让19.4081万元注册资本，转让价格1,000.0000万元；向唐斌转让0.8872万元注册资本，转让价格45.7143万元；向张敏转让0.6100万元注册资本，转让价格31.4286万元。注：上述表格中转让单价和转让金额之间的细微差异，系计算过程四舍五入造成。"
GOLD-688758-2021-04-002,688758,2021-04,唐斌,PDF p55-56,inherited_manual_gold,name_year_near,align_to_verbatim_source,"2021年2月24日，黄学英与复星惟盈、唐斌、张敏签署了《股权转让协议》。具体情况如下：黄学英向复星惟盈转让37.3190万元注册资本，转让单价51.52元/注册资本，转让价格1,922.8571万元；向朱勤华转让19.4081万元注册资本，转让价格1,000.0000万元；向唐斌转让0.8872万元注册资本，转让价格45.7143万元；向张敏转让0.6100万元注册资本，转让价格31.4286万元。注：上述表格中转让单价和转让金额之间的细微差异，系计算过程四舍五入造成。"
GOLD-688758-2021-04-003,688758,2021-04,张敏,PDF p55-56,inherited_manual_gold,name_year_near,align_to_verbatim_source,"2021年2月24日，黄学英与复星惟盈、唐斌、张敏签署了《股权转让协议》。具体情况如下：黄学英向复星惟盈转让37.3190万元注册资本，转让单价51.52元/注册资本，转让价格1,922.8571万元；向朱勤华转让19.4081万元注册资本，转让价格1,000.0000万元；向唐斌转让0.8872万元注册资本，转让价格45.7143万元；向张敏转让0.6100万元注册资本，转让价格31.4286万元。注：上述表格中转让单价和转让金额之间的细微差异，系计算过程四舍五入造成。"
GOLD-688758-2021-11-001,688758,2021-11,源峰磐赛（深圳）股权投资中心（有限合伙）,PDF p59-61,inherited_manual_gold,name_absent,adjudicate_or_find_source,"2021年10月28日，上述新增股东与赛分科技签署了《增资协议》。截至2021年11月，上述新增股东已支付完毕全部增资款。本次增资具体情况如下：源峰磐赛认购1,571,815股，股份价格127.24元/股，认购金额20,000.00万元；珠海峦恒认购628,726股，认购金额8,000.00万元；高瓴祈睿认购628,726股，认购金额8,000.00万元；国药中生认购461,846股，认购金额5,876.59万元；圣成投资认购9,699股，认购金额123.41万元；国药二期认购155,625股，认购金额1,980.20万元；圣祁投资认购1,556股，认购金额19.80万元；夏尔巴二期认购392,954股，认购金额5,000.00万元；甘李药业认购235,772股，认购金额3,000.00万元；吴征涛认购157,182股，认购金额2,000.00万元。合计4,243,901股，54,000.00万元。注：上述表格中增资单价和增资金额之间的细微差异，系计算过程四舍五入造成。"
GOLD-688758-2021-11-002,688758,2021-11,珠海峦恒投资合伙企业（有限合伙）,PDF p59-61,inherited_manual_gold,name_absent,adjudicate_or_find_source,"2021年10月28日，上述新增股东与赛分科技签署了《增资协议》。截至2021年11月，上述新增股东已支付完毕全部增资款。本次增资具体情况如下：源峰磐赛认购1,571,815股，股份价格127.24元/股，认购金额20,000.00万元；珠海峦恒认购628,726股，认购金额8,000.00万元；高瓴祈睿认购628,726股，认购金额8,000.00万元；国药中生认购461,846股，认购金额5,876.59万元；圣成投资认购9,699股，认购金额123.41万元；国药二期认购155,625股，认购金额1,980.20万元；圣祁投资认购1,556股，认购金额19.80万元；夏尔巴二期认购392,954股，认购金额5,000.00万元；甘李药业认购235,772股，认购金额3,000.00万元；吴征涛认购157,182股，认购金额2,000.00万元。合计4,243,901股，54,000.00万元。注：上述表格中增资单价和增资金额之间的细微差异，系计算过程四舍五入造成。"
GOLD-688758-2021-11-003,688758,2021-11,高瓴祈睿医疗健康私募投资基金（有限合伙）,PDF p59-61,inherited_manual_gold,name_absent,adjudicate_or_find_source,"2021年10月28日，上述新增股东与赛分科技签署了《增资协议》。截至2021年11月，上述新增股东已支付完毕全部增资款。本次增资具体情况如下：源峰磐赛认购1,571,815股，股份价格127.24元/股，认购金额20,000.00万元；珠海峦恒认购628,726股，认购金额8,000.00万元；高瓴祈睿认购628,726股，认购金额8,000.00万元；国药中生认购461,846股，认购金额5,876.59万元；圣成投资认购9,699股，认购金额123.41万元；国药二期认购155,625股，认购金额1,980.20万元；圣祁投资认购1,556股，认购金额19.80万元；夏尔巴二期认购392,954股，认购金额5,000.00万元；甘李药业认购235,772股，认购金额3,000.00万元；吴征涛认购157,182股，认购金额2,000.00万元。合计4,243,901股，54,000.00万元。注：上述表格中增资单价和增资金额之间的细微差异，系计算过程四舍五入造成。"
GOLD-688758-2021-11-004,688758,2021-11,国药中生（上海）生物股权投资基金合伙企业（有限合伙）,PDF p59-61,inherited_manual_gold,name_only,manual_source_review,"2021年10月28日，上述新增股东与赛分科技签署了《增资协议》。截至2021年11月，上述新增股东已支付完毕全部增资款。本次增资具体情况如下：源峰磐赛认购1,571,815股，股份价格127.24元/股，认购金额20,000.00万元；珠海峦恒认购628,726股，认购金额8,000.00万元；高瓴祈睿认购628,726股，认购金额8,000.00万元；国药中生认购461,846股，认购金额5,876.59万元；圣成投资认购9,699股，认购金额123.41万元；国药二期认购155,625股，认购金额1,980.20万元；圣祁投资认购1,556股，认购金额19.80万元；夏尔巴二期认购392,954股，认购金额5,000.00万元；甘李药业认购235,772股，认购金额3,000.00万元；吴征涛认购157,182股，认购金额2,000.00万元。合计4,243,901股，54,000.00万元。注：上述表格中增资单价和增资金额之间的细微差异，系计算过程四舍五入造成。"
GOLD-688758-2021-11-005,688758,2021-11,国药二期（上海）生物医药投资中心（有限合伙）,PDF p59-61,inherited_manual_gold,name_absent,adjudicate_or_find_source,"2021年10月28日，上述新增股东与赛分科技签署了《增资协议》。截至2021年11月，上述新增股东已支付完毕全部增资款。本次增资具体情况如下：源峰磐赛认购1,571,815股，股份价格127.24元/股，认购金额20,000.00万元；珠海峦恒认购628,726股，认购金额8,000.00万元；高瓴祈睿认购628,726股，认购金额8,000.00万元；国药中生认购461,846股，认购金额5,876.59万元；圣成投资认购9,699股，认购金额123.41万元；国药二期认购155,625股，认购金额1,980.20万元；圣祁投资认购1,556股，认购金额19.80万元；夏尔巴二期认购392,954股，认购金额5,000.00万元；甘李药业认购235,772股，认购金额3,000.00万元；吴征涛认购157,182股，认购金额2,000.00万元。合计4,243,901股，54,000.00万元。注：上述表格中增资单价和增资金额之间的细微差异，系计算过程四舍五入造成。"
GOLD-688758-2021-11-006,688758,2021-11,珠海夏尔巴二期股权投资合伙企业（有限合伙）,PDF p59-61,inherited_manual_gold,name_absent,adjudicate_or_find_source,"2021年10月28日，上述新增股东与赛分科技签署了《增资协议》。截至2021年11月，上述新增股东已支付完毕全部增资款。本次增资具体情况如下：源峰磐赛认购1,571,815股，股份价格127.24元/股，认购金额20,000.00万元；珠海峦恒认购628,726股，认购金额8,000.00万元；高瓴祈睿认购628,726股，认购金额8,000.00万元；国药中生认购461,846股，认购金额5,876.59万元；圣成投资认购9,699股，认购金额123.41万元；国药二期认购155,625股，认购金额1,980.20万元；圣祁投资认购1,556股，认购金额19.80万元；夏尔巴二期认购392,954股，认购金额5,000.00万元；甘李药业认购235,772股，认购金额3,000.00万元；吴征涛认购157,182股，认购金额2,000.00万元。合计4,243,901股，54,000.00万元。注：上述表格中增资单价和增资金额之间的细微差异，系计算过程四舍五入造成。"
GOLD-688758-2021-11-007,688758,2021-11,甘李药业股份有限公司,PDF p59-61,inherited_manual_gold,name_year_near,align_to_verbatim_source,"2021年10月28日，上述新增股东与赛分科技签署了《增资协议》。截至2021年11月，上述新增股东已支付完毕全部增资款。本次增资具体情况如下：源峰磐赛认购1,571,815股，股份价格127.24元/股，认购金额20,000.00万元；珠海峦恒认购628,726股，认购金额8,000.00万元；高瓴祈睿认购628,726股，认购金额8,000.00万元；国药中生认购461,846股，认购金额5,876.59万元；圣成投资认购9,699股，认购金额123.41万元；国药二期认购155,625股，认购金额1,980.20万元；圣祁投资认购1,556股，认购金额19.80万元；夏尔巴二期认购392,954股，认购金额5,000.00万元；甘李药业认购235,772股，认购金额3,000.00万元；吴征涛认购157,182股，认购金额2,000.00万元。合计4,243,901股，54,000.00万元。注：上述表格中增资单价和增资金额之间的细微差异，系计算过程四舍五入造成。"
GOLD-688758-2021-11-008,688758,2021-11,吴征涛,PDF p59-61,inherited_manual_gold,name_year_near,align_to_verbatim_source,"2021年10月28日，上述新增股东与赛分科技签署了《增资协议》。截至2021年11月，上述新增股东已支付完毕全部增资款。本次增资具体情况如下：源峰磐赛认购1,571,815股，股份价格127.24元/股，认购金额20,000.00万元；珠海峦恒认购628,726股，认购金额8,000.00万元；高瓴祈睿认购628,726股，认购金额8,000.00万元；国药中生认购461,846股，认购金额5,876.59万元；圣成投资认购9,699股，认购金额123.41万元；国药二期认购155,625股，认购金额1,980.20万元；圣祁投资认购1,556股，认购金额19.80万元；夏尔巴二期认购392,954股，认购金额5,000.00万元；甘李药业认购235,772股，认购金额3,000.00万元；吴征涛认购157,182股，认购金额2,000.00万元。合计4,243,901股，54,000.00万元。注：上述表格中增资单价和增资金额之间的细微差异，系计算过程四舍五入造成。"
GOLD-688758-2021-11-009,688758,2021-11,圣成投资管理（上海）有限公司,PDF p59-61,inherited_manual_gold,name_absent,adjudicate_or_find_source,"2021年10月28日，上述新增股东与赛分科技签署了《增资协议》。截至2021年11月，上述新增股东已支付完毕全部增资款。本次增资具体情况如下：源峰磐赛认购1,571,815股，股份价格127.24元/股，认购金额20,000.00万元；珠海峦恒认购628,726股，认购金额8,000.00万元；高瓴祈睿认购628,726股，认购金额8,000.00万元；国药中生认购461,846股，认购金额5,876.59万元；圣成投资认购9,699股，认购金额123.41万元；国药二期认购155,625股，认购金额1,980.20万元；圣祁投资认购1,556股，认购金额19.80万元；夏尔巴二期认购392,954股，认购金额5,000.00万元；甘李药业认购235,772股，认购金额3,000.00万元；吴征涛认购157,182股，认购金额2,000.00万元。合计4,243,901股，54,000.00万元。注：上述表格中增资单价和增资金额之间的细微差异，系计算过程四舍五入造成。"
GOLD-688758-2021-11-010,688758,2021-11,圣祁投资管理（上海）有限公司,PDF p59-61,inherited_manual_gold,name_absent,adjudicate_or_find_source,"2021年10月28日，上述新增股东与赛分科技签署了《增资协议》。截至2021年11月，上述新增股东已支付完毕全部增资款。本次增资具体情况如下：源峰磐赛认购1,571,815股，股份价格127.24元/股，认购金额20,000.00万元；珠海峦恒认购628,726股，认购金额8,000.00万元；高瓴祈睿认购628,726股，认购金额8,000.00万元；国药中生认购461,846股，认购金额5,876.59万元；圣成投资认购9,699股，认购金额123.41万元；国药二期认购155,625股，认购金额1,980.20万元；圣祁投资认购1,556股，认购金额19.80万元；夏尔巴二期认购392,954股，认购金额5,000.00万元；甘李药业认购235,772股，认购金额3,000.00万元；吴征涛认购157,182股，认购金额2,000.00万元。合计4,243,901股，54,000.00万元。注：上述表格中增资单价和增资金额之间的细微差异，系计算过程四舍五入造成。"
GOLD-688758-2021-09-16-001,688758,2021-09-16,黄学英,PDF p52-53,inherited_manual_gold,name_year_near,align_to_verbatim_source,"2021年9月16日，赛分科技就整体变更为股份有限公司事项办理完毕工商变更登记手续，取得了江苏省市场监督管理局换发的《营业执照》。整体变更为股份有限公司后，赛分科技的股权结构如下：黄学英持股8,031,668股（29.1989%）；周金清持股2,800,000股（10.1793%）；高新同华持股2,700,000股（9.8158%）；陆民持股2,574,000股（9.3577%）；国寿疌泉持股2,500,615股（9.0909%）；华泰大健康一号持股1,751,887股（6.3689%）；苏州贤达持股1,341,500股（4.8770%）；复星惟盈持股1,263,621股（4.5939%）。"
GOLD-688758-2021-09-16-002,688758,2021-09-16,周金清,PDF p52-53,inherited_manual_gold,name_year_near,align_to_verbatim_source,"2021年9月16日，赛分科技就整体变更为股份有限公司事项办理完毕工商变更登记手续，取得了江苏省市场监督管理局换发的《营业执照》。整体变更为股份有限公司后，赛分科技的股权结构如下：黄学英持股8,031,668股（29.1989%）；周金清持股2,800,000股（10.1793%）；高新同华持股2,700,000股（9.8158%）；陆民持股2,574,000股（9.3577%）；国寿疌泉持股2,500,615股（9.0909%）；华泰大健康一号持股1,751,887股（6.3689%）；苏州贤达持股1,341,500股（4.8770%）；复星惟盈持股1,263,621股（4.5939%）。"
GOLD-688758-2021-09-16-003,688758,2021-09-16,高新同华,PDF p52-53,inherited_manual_gold,name_year_near,align_to_verbatim_source,"2021年9月16日，赛分科技就整体变更为股份有限公司事项办理完毕工商变更登记手续，取得了江苏省市场监督管理局换发的《营业执照》。整体变更为股份有限公司后，赛分科技的股权结构如下：黄学英持股8,031,668股（29.1989%）；周金清持股2,800,000股（10.1793%）；高新同华持股2,700,000股（9.8158%）；陆民持股2,574,000股（9.3577%）；国寿疌泉持股2,500,615股（9.0909%）；华泰大健康一号持股1,751,887股（6.3689%）；苏州贤达持股1,341,500股（4.8770%）；复星惟盈持股1,263,621股（4.5939%）。"
GOLD-688758-2021-09-16-004,688758,2021-09-16,陆民,PDF p52-53,inherited_manual_gold,name_year_near,align_to_verbatim_source,"2021年9月16日，赛分科技就整体变更为股份有限公司事项办理完毕工商变更登记手续，取得了江苏省市场监督管理局换发的《营业执照》。整体变更为股份有限公司后，赛分科技的股权结构如下：黄学英持股8,031,668股（29.1989%）；周金清持股2,800,000股（10.1793%）；高新同华持股2,700,000股（9.8158%）；陆民持股2,574,000股（9.3577%）；国寿疌泉持股2,500,615股（9.0909%）；华泰大健康一号持股1,751,887股（6.3689%）；苏州贤达持股1,341,500股（4.8770%）；复星惟盈持股1,263,621股（4.5939%）。"
GOLD-688758-2021-09-16-005,688758,2021-09-16,国寿疌泉,PDF p52-53,inherited_manual_gold,name_year_near,align_to_verbatim_source,"2021年9月16日，赛分科技就整体变更为股份有限公司事项办理完毕工商变更登记手续，取得了江苏省市场监督管理局换发的《营业执照》。整体变更为股份有限公司后，赛分科技的股权结构如下：黄学英持股8,031,668股（29.1989%）；周金清持股2,800,000股（10.1793%）；高新同华持股2,700,000股（9.8158%）；陆民持股2,574,000股（9.3577%）；国寿疌泉持股2,500,615股（9.0909%）；华泰大健康一号持股1,751,887股（6.3689%）；苏州贤达持股1,341,500股（4.8770%）；复星惟盈持股1,263,621股（4.5939%）。"
GOLD-688758-2021-09-16-006,688758,2021-09-16,华泰大健康一号,PDF p52-53,inherited_manual_gold,name_year_near,align_to_verbatim_source,"2021年9月16日，赛分科技就整体变更为股份有限公司事项办理完毕工商变更登记手续，取得了江苏省市场监督管理局换发的《营业执照》。整体变更为股份有限公司后，赛分科技的股权结构如下：黄学英持股8,031,668股（29.1989%）；周金清持股2,800,000股（10.1793%）；高新同华持股2,700,000股（9.8158%）；陆民持股2,574,000股（9.3577%）；国寿疌泉持股2,500,615股（9.0909%）；华泰大健康一号持股1,751,887股（6.3689%）；苏州贤达持股1,341,500股（4.8770%）；复星惟盈持股1,263,621股（4.5939%）。"
GOLD-688758-2021-09-16-007,688758,2021-09-16,苏州贤达,PDF p52-53,inherited_manual_gold,name_year_near,align_to_verbatim_source,"2021年9月16日，赛分科技就整体变更为股份有限公司事项办理完毕工商变更登记手续，取得了江苏省市场监督管理局换发的《营业执照》。整体变更为股份有限公司后，赛分科技的股权结构如下：黄学英持股8,031,668股（29.1989%）；周金清持股2,800,000股（10.1793%）；高新同华持股2,700,000股（9.8158%）；陆民持股2,574,000股（9.3577%）；国寿疌泉持股2,500,615股（9.0909%）；华泰大健康一号持股1,751,887股（6.3689%）；苏州贤达持股1,341,500股（4.8770%）；复星惟盈持股1,263,621股（4.5939%）。"
GOLD-688758-2021-09-16-008,688758,2021-09-16,复星惟盈,PDF p52-53,inherited_manual_gold,name_year_near,align_to_verbatim_source,"2021年9月16日，赛分科技就整体变更为股份有限公司事项办理完毕工商变更登记手续，取得了江苏省市场监督管理局换发的《营业执照》。整体变更为股份有限公司后，赛分科技的股权结构如下：黄学英持股8,031,668股（29.1989%）；周金清持股2,800,000股（10.1793%）；高新同华持股2,700,000股（9.8158%）；陆民持股2,574,000股（9.3577%）；国寿疌泉持股2,500,615股（9.0909%）；华泰大健康一号持股1,751,887股（6.3689%）；苏州贤达持股1,341,500股（4.8770%）；复星惟盈持股1,263,621股（4.5939%）。"
GOLD-688775-2015-07-09-001,688775,2015-07-09,北京岚锋创视网络科技有限公司,PDF p1,inherited_manual_gold,name_year_near,align_to_verbatim_source,"2015年7月9日，北京岚锋以货币出资方式设立深圳岚锋，公司注册资本1,000.00万元。深圳岚锋设立时，股东情况为：北京岚锋100%。"
GOLD-688775-2015-01-001,688775,2015-01,EARN ACE LIMITED,PDF p42,needs_review,name_only,manual_source_review,2014年5月，刘靖康带领的管理团队得到IDG等投资机构的投资意向，并拟搭建VIE架构用于接受境外投资。自公司VIE架构的搭建至其拆除期间，开曼岚锋持续引入新投资人。EARN ACE LIMITED为早期进入的境外投资方。
GOLD-688775-2016-01-001,688775,2016-01,QM101 Limited,PDF p42,needs_review,name_absent,adjudicate_or_find_source,自公司VIE架构的搭建至其拆除期间，开曼岚锋持续引入新投资人。QM101 Limited（启明创投IV期基金）通过开曼岚锋持有公司权益。
GOLD-688775-2017-01-001,688775,2017-01,香港迅雷有限公司,PDF p42,needs_review,name_absent,adjudicate_or_find_source,开曼岚锋持续引入新投资人，香港迅雷（Xunlei Network Technologies Limited）和厦门富凯通过开曼岚锋持有公司权益。
GOLD-688775-2017-01-002,688775,2017-01,厦门富凯海创投资管理有限责任公司,PDF p42,needs_review,name_absent,adjudicate_or_find_source,开曼岚锋持续引入新投资人，香港迅雷（Xunlei Network Technologies Limited）和厦门富凯通过开曼岚锋持有公司权益。
GOLD-688775-2018-01-001,688775,2018-01,深圳市伊敦传媒投资基金合伙企业（有限合伙）,PDF p42,needs_review,name_only,manual_source_review,开曼岚锋持续引入新投资人。伊敦传媒(苏宁)、华金同达、中证投资、金石智娱通过开曼岚锋持有公司权益。容诚验字[2020]518Z0004号验资报告验证有限公司设立及六次增资扩股均已实缴到位。
GOLD-688775-2018-01-002,688775,2018-01,华金同达（深圳）投资合伙企业（有限合伙）,PDF p42,needs_review,name_absent,adjudicate_or_find_source,开曼岚锋持续引入新投资人。伊敦传媒(苏宁)、华金同达、中证投资、金石智娱通过开曼岚锋持有公司权益。容诚验字[2020]518Z0004号验资报告验证有限公司设立及六次增资扩股均已实缴到位。
GOLD-688775-2018-01-003,688775,2018-01,深圳中证投资有限责任公司,PDF p42,needs_review,name_absent,adjudicate_or_find_source,开曼岚锋持续引入新投资人。伊敦传媒(苏宁)、华金同达、中证投资、金石智娱通过开曼岚锋持有公司权益。容诚验字[2020]518Z0004号验资报告验证有限公司设立及六次增资扩股均已实缴到位。
GOLD-688775-2018-01-004,688775,2018-01,金石智娱股权投资（深圳）合伙企业（有限合伙）,PDF p42,needs_review,name_absent,adjudicate_or_find_source,开曼岚锋持续引入新投资人。伊敦传媒(苏宁)、华金同达、中证投资、金石智娱通过开曼岚锋持有公司权益。容诚验字[2020]518Z0004号验资报告验证有限公司设立及六次增资扩股均已实缴到位。
GOLD-688775-2020-02-26-001,688775,2020-02-26,北京岚锋创视网络科技有限公司,PDF p1,inherited_manual_gold,name_year_near,align_to_verbatim_source,"截至2019年10月31日，深圳岚锋账面净资产52,728.05万元。全体股东以其拥有的净资产52,728.05万元出资，按1:1.4647比例折合股本36,000.00万元，其余计入资本公积。2020年2月26日，深圳市市场监督管理局核准。股改后27名股东，北京岚锋29.9376%、EARN ACE 13.3239%、QM101 9.4001%、香港迅雷8.7327%等。"
GOLD-688775-2020-02-26-002,688775,2020-02-26,EARN ACE LIMITED,PDF p1,inherited_manual_gold,name_year_near,align_to_verbatim_source,"截至2019年10月31日，深圳岚锋账面净资产52,728.05万元。全体股东以其拥有的净资产52,728.05万元出资，按1:1.4647比例折合股本36,000.00万元，其余计入资本公积。2020年2月26日，深圳市市场监督管理局核准。股改后27名股东，北京岚锋29.9376%、EARN ACE 13.3239%、QM101 9.4001%、香港迅雷8.7327%等。"
GOLD-688775-2020-02-26-003,688775,2020-02-26,QM101 Limited,PDF p1,inherited_manual_gold,name_absent,adjudicate_or_find_source,"截至2019年10月31日，深圳岚锋账面净资产52,728.05万元。全体股东以其拥有的净资产52,728.05万元出资，按1:1.4647比例折合股本36,000.00万元，其余计入资本公积。2020年2月26日，深圳市市场监督管理局核准。股改后27名股东，北京岚锋29.9376%、EARN ACE 13.3239%、QM101 9.4001%、香港迅雷8.7327%等。"
GOLD-688775-2020-02-26-004,688775,2020-02-26,香港迅雷有限公司,PDF p1,inherited_manual_gold,name_absent,adjudicate_or_find_source,"截至2019年10月31日，深圳岚锋账面净资产52,728.05万元。全体股东以其拥有的净资产52,728.05万元出资，按1:1.4647比例折合股本36,000.00万元，其余计入资本公积。2020年2月26日，深圳市市场监督管理局核准。股改后27名股东，北京岚锋29.9376%、EARN ACE 13.3239%、QM101 9.4001%、香港迅雷8.7327%等。"
GOLD-920100-2002-11-07-001,920100,2002-11-07,盛祎,PDF p30,needs_review,name_year_near,align_to_verbatim_source,"公司全称: 常州三协电机股份有限公司。证券代码: 920100。注册资本: 5,310.93万元。法定代表人: 盛祎。成立日期: 2002年11月7日。2002年11月至今，盛祎担任三协电机总经理，股份公司成立后担任董事长。截至本招股说明书签署日，盛祎直接持有62.97%股份，朱绶青直接持有19.49%股份，合计控制82.46%股份。"
GOLD-920100-2002-11-07-002,920100,2002-11-07,朱绶青,PDF p30,needs_review,name_year_near,align_to_verbatim_source,"公司全称: 常州三协电机股份有限公司。证券代码: 920100。注册资本: 5,310.93万元。法定代表人: 盛祎。成立日期: 2002年11月7日。2002年11月至今，盛祎担任三协电机总经理，股份公司成立后担任董事长。截至本招股说明书签署日，盛祎直接持有62.97%股份，朱绶青直接持有19.49%股份，合计控制82.46%股份。"
GOLD-920100-2022-08-09-001,920100,2022-08-09,深圳市稳正景明创业投资企业(有限合伙),PDF p31-32,inherited_manual_gold,name_year_near,align_to_verbatim_source,"2022年6月24日，公司召开第二届董事会第四次会议审议通过了《关于<常州三协电机股份有限公司股票定向发行说明书>的议案》。本次股票发行价格为4.48元/股，共发行普通股530.00万股，募集资金总额为2,374.40万元。2022年8月15日，苏亚金诚出具《验资报告》，经审验，截至2022年8月9日，公司已收到稳正景明、长泽创投缴纳的出资款2,374.40万元。本次股票发行新增股份于2022年9月1日在股转系统挂牌并公开转让。"
GOLD-920100-2022-08-09-002,920100,2022-08-09,深圳市稳正长泽创业投资企业(有限合伙),PDF p31-32,inherited_manual_gold,name_year_near,align_to_verbatim_source,"2022年6月24日，公司召开第二届董事会第四次会议审议通过了《关于<常州三协电机股份有限公司股票定向发行说明书>的议案》。本次股票发行价格为4.48元/股，共发行普通股530.00万股，募集资金总额为2,374.40万元。2022年8月15日，苏亚金诚出具《验资报告》，经审验，截至2022年8月9日，公司已收到稳正景明、长泽创投缴纳的出资款2,374.40万元。本次股票发行新增股份于2022年9月1日在股转系统挂牌并公开转让。"
GOLD-920100-2023-09-06-001,920100,2023-09-06,盛祎、盛松、薛小丽、倪进宽、余方成、吴春扣、陆宇君、戈翔俊、陈都亮、圣利、董雪强、文涛、付荷庆、陈韵、盛月瑶,PDF p32,inherited_manual_gold,name_absent,adjudicate_or_find_source,"2023年5月26日，公司召开第二届董事会第十三次会议审议通过了《关于<常州三协电机股份有限公司股票定向发行说明书>的议案》。本次股票拟发行价格为5.41元/股，拟发行普通股321.50万股，拟募集资金总额为1,739.32万元。2023年9月8日，苏亚金诚出具《验资报告》，经审验，截至2023年9月6日，公司已收到盛祎、盛松、薛小丽、倪进宽、余方成、吴春扣、陆宇君、戈翔俊、陈都亮、圣利、董雪强、文涛、付荷庆、陈韵和盛月瑶15名认购人缴纳的出资款1,723.09万元。"
GOLD-920116-2016-12-14-001,920116,2016-12-14,四方股份,PDF p48,inherited_manual_gold,exact_evidence,retain,"2016年12月，四方股份、罗永红、王金林共同出资设立星图测控有限，其中，四方股份出资1,200万元（对应持有星图测控有限60%股权）；罗永红出资400万元（对应持有星图测控有限20%股权）；王金林出资400万元（对应持有星图测控有限20%股权）。罗永红、王金林于测控有限设立时所持有的全部股权分别系为牛威和吴功友代持。"
GOLD-920116-2016-12-14-002,920116,2016-12-14,牛威(罗永红代持),PDF p48,inherited_manual_gold,exact_evidence,retain,"2016年12月，四方股份、罗永红、王金林共同出资设立星图测控有限，其中，四方股份出资1,200万元（对应持有星图测控有限60%股权）；罗永红出资400万元（对应持有星图测控有限20%股权）；王金林出资400万元（对应持有星图测控有限20%股权）。罗永红、王金林于测控有限设立时所持有的全部股权分别系为牛威和吴功友代持。"
GOLD-920116-2016-12-14-003,920116,2016-12-14,吴功友(王金林代持),PDF p48,inherited_manual_gold,exact_evidence,retain,"2016年12月，四方股份、罗永红、王金林共同出资设立星图测控有限，其中，四方股份出资1,200万元（对应持有星图测控有限60%股权）；罗永红出资400万元（对应持有星图测控有限20%股权）；王金林出资400万元（对应持有星图测控有限20%股权）。罗永红、王金林于测控有限设立时所持有的全部股权分别系为牛威和吴功友代持。"
GOLD-920116-2024-06-30-001,920116,2024-06-30,中科星图股份有限公司,PDF p47,needs_review,name_year_near,align_to_verbatim_source,"截至本招股说明书签署日，公司总股本为82,500,000股。本次发行前股本结构：中科星图38,250,000股(46.36%)，策星九天23,450,781股(28.43%)，幸福一期9,174,219股(11.12%)，策星揽月4,125,000股(5.00%)，幸福二期3,000,000股(3.64%)，策星银河2,790,000股(3.38%)，策星逐日1,710,000股(2.07%)。合计82,500,000股(100.00%)。"
GOLD-920116-2024-06-30-002,920116,2024-06-30,策星九天,PDF p47,needs_review,name_year_near,align_to_verbatim_source,"截至本招股说明书签署日，公司总股本为82,500,000股。本次发行前股本结构：中科星图38,250,000股(46.36%)，策星九天23,450,781股(28.43%)，幸福一期9,174,219股(11.12%)，策星揽月4,125,000股(5.00%)，幸福二期3,000,000股(3.64%)，策星银河2,790,000股(3.38%)，策星逐日1,710,000股(2.07%)。合计82,500,000股(100.00%)。"
GOLD-920116-2024-06-30-003,920116,2024-06-30,幸福一期,PDF p47,needs_review,name_year_near,align_to_verbatim_source,"截至本招股说明书签署日，公司总股本为82,500,000股。本次发行前股本结构：中科星图38,250,000股(46.36%)，策星九天23,450,781股(28.43%)，幸福一期9,174,219股(11.12%)，策星揽月4,125,000股(5.00%)，幸福二期3,000,000股(3.64%)，策星银河2,790,000股(3.38%)，策星逐日1,710,000股(2.07%)。合计82,500,000股(100.00%)。"
GOLD-920116-2024-06-30-004,920116,2024-06-30,策星揽月,PDF p47,needs_review,name_year_near,align_to_verbatim_source,"截至本招股说明书签署日，公司总股本为82,500,000股。本次发行前股本结构：中科星图38,250,000股(46.36%)，策星九天23,450,781股(28.43%)，幸福一期9,174,219股(11.12%)，策星揽月4,125,000股(5.00%)，幸福二期3,000,000股(3.64%)，策星银河2,790,000股(3.38%)，策星逐日1,710,000股(2.07%)。合计82,500,000股(100.00%)。"
GOLD-920116-2024-06-30-005,920116,2024-06-30,幸福二期,PDF p47,needs_review,name_year_near,align_to_verbatim_source,"截至本招股说明书签署日，公司总股本为82,500,000股。本次发行前股本结构：中科星图38,250,000股(46.36%)，策星九天23,450,781股(28.43%)，幸福一期9,174,219股(11.12%)，策星揽月4,125,000股(5.00%)，幸福二期3,000,000股(3.64%)，策星银河2,790,000股(3.38%)，策星逐日1,710,000股(2.07%)。合计82,500,000股(100.00%)。"
GOLD-920116-2024-06-30-006,920116,2024-06-30,策星银河,PDF p47,needs_review,name_year_near,align_to_verbatim_source,"截至本招股说明书签署日，公司总股本为82,500,000股。本次发行前股本结构：中科星图38,250,000股(46.36%)，策星九天23,450,781股(28.43%)，幸福一期9,174,219股(11.12%)，策星揽月4,125,000股(5.00%)，幸福二期3,000,000股(3.64%)，策星银河2,790,000股(3.38%)，策星逐日1,710,000股(2.07%)。合计82,500,000股(100.00%)。"
GOLD-920116-2024-06-30-007,920116,2024-06-30,策星逐日,PDF p47,needs_review,name_year_near,align_to_verbatim_source,"截至本招股说明书签署日，公司总股本为82,500,000股。本次发行前股本结构：中科星图38,250,000股(46.36%)，策星九天23,450,781股(28.43%)，幸福一期9,174,219股(11.12%)，策星揽月4,125,000股(5.00%)，幸福二期3,000,000股(3.64%)，策星银河2,790,000股(3.38%)，策星逐日1,710,000股(2.07%)。合计82,500,000股(100.00%)。"
