stock_code,subscription_date,event_context,subscriber_name,amount_subscribed,shares_subscribed,price_per_share,source,evidence_text
688795,2022-12,增资及股权转让,和谐健康,50000.0,,,heading,"， 和谐健康以50,000 万元认购"
688795,2022-12,增资及股权转让,中移基金,40000.0,,,heading,"；中移基金以40,000 万 元认购"
688795,2022-12,增资及股权转让,翊辰投资,26000.0,,,heading,"；翊辰投资以26,000 万元认购"
688795,2022-12,增资及股权转让,红杉资本,600.0,,,heading,；红杉资本以600 万元认购
688795,2023-10,增资,福建拓锋,20000.0,,,heading,"， 福建拓锋以20,000 万元认购"
688795,2023-10,增资,厦门辰安,15000.0,,,heading,"；厦门辰安以15,000 万 元认购"
688795,2023-10,增资,厚雪资本,12000.0,,,heading,"；厚雪资本以12,000 万元认购"
688795,2023-10,增资,集美中和,10000.0,,,heading,"；集美中和以10,000 万元认购"
688795,2023-10,增资,策源电子 基金,5000.0,,,heading,"；策源电子 基金以5,000 万元认购"
688795,2024-12,增资,上海丽华,,,,summary_table_or_syndicate,
688795,2024-12,增资,德辽创业,,,,summary_table_or_syndicate,
688795,2024-12,增资,中科蓝讯,,,,summary_table_or_syndicate,
688795,2024-12,增资,文信二号基金,,,,summary_table_or_syndicate,
688795,2024-12,增资,嘉德利雅,,,,summary_table_or_syndicate,
688795,2024-12,增资,久奕能元,,,,summary_table_or_syndicate,
688795,2024-12,增资,盈趣科技,,,,summary_table_or_syndicate,
688795,2024-12,增资,华控基金,,,,summary_table_or_syndicate,
688795,2024-12,增资,深圳稳致,,,,summary_table_or_syndicate,
688795,2024-12,增资,泉州开普勒,,,,summary_table_or_syndicate,
688795,2024-12,增资,嘉兴上河,,,,summary_table_or_syndicate,
688795,2024-12,增资,三亚神力,,,,summary_table_or_syndicate,
688795,2024-12,增资,陕西千帆,,,,summary_table_or_syndicate,
688795,2024-12,增资,浙江千帆,,,,summary_table_or_syndicate,
688795,2024-12,增资,恒兴集团,,,,summary_table_or_syndicate,
688795,2024-12,增资,拉萨联虹,,,,summary_table_or_syndicate,
688795,2024-12,增资,厦门国贸,,,,summary_table_or_syndicate,
688795,2024-12,增资,榕宁万石一期,,,,summary_table_or_syndicate,
688795,2024-12,增资,圆周基金,,,,summary_table_or_syndicate,
688795,2024-12,增资,金投鼎融,,,,summary_table_or_syndicate,
688795,2024-12,增资,淄博白泽,,,,summary_table_or_syndicate,
688795,2024-12,增资,杭州纪希,,,,summary_table_or_syndicate,
688795,2024-12,增资,杭州富浙,,,,summary_table_or_syndicate,
688795,2024-12,增资,青岛图灵,,,,summary_table_or_syndicate,
688795,2024-12,增资,苏州和基,,,,summary_table_or_syndicate,
688795,2024-12,增资,千曦资本,,,,summary_table_or_syndicate,
688795,2024-12,增资,温州典轩,,,,summary_table_or_syndicate,
688795,2024-12,增资,启创科信,,,,summary_table_or_syndicate,
688795,2024-12,增资,嘉兴加合,,,,summary_table_or_syndicate,
688795,2024-12,增资,汇创集智,,,,summary_table_or_syndicate,
688795,2024-12,增资,深圳安鹏,,,,summary_table_or_syndicate,
688795,2024-12,增资,文惠投资,,,,summary_table_or_syndicate,
688795,2024-12,增资,中保投信,,,,summary_table_or_syndicate,
688795,2024-12,增资,衢州厚雪,,,,summary_table_or_syndicate,
688795,2024-12,增资,齐鲁前海,,,,summary_table_or_syndicate,
688795,2024-12,增资,智慧互联,,,,summary_table_or_syndicate,
688795,2024-12,增资,五源启兴,,,,summary_table_or_syndicate,
688795,2024-12,增资,福建拓锋,,,,summary_table_or_syndicate,
688802,2022-09,增资,混沌投资,,,,summary_table_or_syndicate,
688802,2022-09,增资,央视融媒体,,,,summary_table_or_syndicate,
688802,2022-09,增资,中鑫致鼎,,,,summary_table_or_syndicate,
688802,2022-09,增资,建银科创,,,,summary_table_or_syndicate,
688802,2022-09,增资,嘉兴普超,,,,summary_table_or_syndicate,
688802,2022-09,增资,深圳恩启,,,,summary_table_or_syndicate,
688802,2022-09,增资,国盛川禾,,,,summary_table_or_syndicate,
688802,2022-09,增资,中网投,,,,summary_table_or_syndicate,
688802,2022-09,增资,国创中鼎,,,,summary_table_or_syndicate,
688802,2022-09,增资,经乾二号,,,,summary_table_or_syndicate,
688802,2023-02,增资,嘉兴普超,,,,summary_table_or_syndicate,
688802,2023-02,增资,上海荣至和,,,,summary_table_or_syndicate,
688802,2023-02,增资,嘉兴启锦,,,,summary_table_or_syndicate,
688802,2023-02,增资,和暄新芯一号,,,,summary_table_or_syndicate,
688802,2023-02,增资,睿石尼盛,,,,summary_table_or_syndicate,
688802,2023-02,增资,郑州清禾,,,,summary_table_or_syndicate,
688802,2023-02,增资,湖州普能,,,,summary_table_or_syndicate,
688802,2023-04,增资,科力基金,,,,summary_table_or_syndicate,
688802,2023-12,增资,青岛国道,,,,summary_table_or_syndicate,
688802,2023-12,增资,智源芯君,,,,summary_table_or_syndicate,
688802,2023-12,增资,景仓尧光,,,,summary_table_or_syndicate,
688802,2023-12,增资,景仓长右,,,,summary_table_or_syndicate,
688802,2023-12,增资,富海优选二号,,,,summary_table_or_syndicate,
688802,2023-12,增资,经乾二号,,,,summary_table_or_syndicate,
688802,2023-12,增资,混沌投资,,,,summary_table_or_syndicate,
688802,2023-12,增资,中山公用,,,,summary_table_or_syndicate,
688802,2024-08,增资,源庐加佳,,,,summary_table_or_syndicate,
688802,2024-08,增资,中网投,,,,summary_table_or_syndicate,
688802,2024-08,增资,和暄新芯二号,,,,summary_table_or_syndicate,
688802,2024-08,增资,扬州启曦,,,,summary_table_or_syndicate,
688802,2024-08,增资,湘江五号,,,,summary_table_or_syndicate,
688802,2024-08,增资,引领区基金,,,,summary_table_or_syndicate,
688802,2024-08,增资,上科共赢,,,,summary_table_or_syndicate,
688802,2025-02,增资,经纬创壹号,,,,summary_table_or_syndicate,
688802,2025-02,增资,经纬创叁号,,,,summary_table_or_syndicate,
688802,2025-02,增资,河南科投,,,,summary_table_or_syndicate,
688802,2025-02,增资,海南泰达,,,,summary_table_or_syndicate,
688802,2025-02,增资,富海精选二号,,,,summary_table_or_syndicate,
688802,2025-02,增资,富海隽永,,,,summary_table_or_syndicate,
688802,2025-02,增资,河南睿合,,,,summary_table_or_syndicate,
688802,2025-02,增资,格金广发,,,,summary_table_or_syndicate,
688802,2025-02,增资,广发中鼎,,,,summary_table_or_syndicate,
688802,2025-02,增资,卓源芯力,,,,summary_table_or_syndicate,
688802,2025-02,增资,济南宇辰,,,,summary_table_or_syndicate,
688802,2025-02,增资,谦益永泰,,,,summary_table_or_syndicate,
688802,2025-02,增资,绵阳国科,,,,summary_table_or_syndicate,
688802,2025-02,增资,国孚领航,,,,summary_table_or_syndicate,
688802,2025-02,增资,伊敦战新,,,,summary_table_or_syndicate,
688802,2025-02,增资,南京智沐曦,,,,summary_table_or_syndicate,
688802,2025-03,增资,共青亚昌宏硕,,,,summary_table_or_syndicate,
688802,2025-03,增资,电信方舟,,,,summary_table_or_syndicate,
688802,2025-03,增资,混沌投资,,,,summary_table_or_syndicate,
688802,2025-03,增资,嘉兴普超,,,,summary_table_or_syndicate,
688802,2025-03,增资,经纬创壹号,,,,summary_table_or_syndicate,
688802,2025-03,增资,经纬创叁号,,,,summary_table_or_syndicate,
688802,2025-03,增资,河南科投,,,,summary_table_or_syndicate,
688802,2025-03,增资,海南泰达,,,,summary_table_or_syndicate,
688802,2025-03,增资,富海精选二号,,,,summary_table_or_syndicate,
688802,2025-03,增资,卓源芯力,,,,summary_table_or_syndicate,
688802,2025-03,增资,南京智沐曦,,,,summary_table_or_syndicate,
688802,2025-03,增资,交控金石,,,,summary_table_or_syndicate,
688802,2025-03,增资,金石精密,,,,summary_table_or_syndicate,
688802,2025-03,增资,中金上汽,,,,summary_table_or_syndicate,
688802,2025-03,增资,金华盛赫,,,,summary_table_or_syndicate,
688802,2025-03,增资,联想中小,,,,summary_table_or_syndicate,
688802,2025-03,增资,万石拾壹号,,,,summary_table_or_syndicate,
688802,2025-03,增资,佛山港粤,,,,summary_table_or_syndicate,
688802,2025-03,增资,晓池摩山,,,,summary_table_or_syndicate,
688802,2025-03,增资,南京盈研,,,,summary_table_or_syndicate,
688802,2025-03,增资,宜宾和谐,,,,summary_table_or_syndicate,
688802,2025-03,增资,社保长三角,,,,summary_table_or_syndicate,
688802,2025-03,增资,成都交子,,,,summary_table_or_syndicate,
688802,2025-03,增资,海融通,,,,summary_table_or_syndicate,
688802,2025-03,增资,春华景智,,,,summary_table_or_syndicate,
688802,2025-03,增资,华兴航科,,,,summary_table_or_syndicate,
688802,2025-03,增资,睿石德晟,,,,summary_table_or_syndicate,
688802,2025-03,增资,杭州丹贝,,,,summary_table_or_syndicate,
688802,2025-03,增资,晋安三创,,,,summary_table_or_syndicate,
688802,2025-03,增资,富海曦芯,,,,summary_table_or_syndicate,
688802,2025-03,增资,芯能方安,,,,summary_table_or_syndicate,
688802,2025-03,增资,芯能方华,,,,summary_table_or_syndicate,
688802,2025-03,增资,图灵安捷,,,,summary_table_or_syndicate,
688802,2025-03,增资,共青亚昌辰柠,,,,summary_table_or_syndicate,
688802,2025-03,增资,九安海棠,,,,summary_table_or_syndicate,
688802,2025-03,增资,砺思星沐,,,,summary_table_or_syndicate,
688802,2025-03,增资,中科蓝讯,,,,summary_table_or_syndicate,
688802,2025-03,增资,七匹狼,,,,summary_table_or_syndicate,
688802,2025-03,增资,聚源振芯,,,,summary_table_or_syndicate,
688802,2025-03,增资,聚源海河,,,,summary_table_or_syndicate,
688802,2025-03,增资,经纬厦门,,,,summary_table_or_syndicate,
688802,2025-03,增资,经纬创华,,,,summary_table_or_syndicate,
688802,2025-03,增资,中金启辰无锡,,,,summary_table_or_syndicate,
688802,2025-03,增资,中金启辰苏州,,,,summary_table_or_syndicate,
688802,2025-03,增资,综改试验,,,,summary_table_or_syndicate,
688802,2025-03,增资,谦益永兴,,,,summary_table_or_syndicate,
688802,2025-03,增资,同创伟业,,,,summary_table_or_syndicate,
688802,2025-03,增资,娃哈哈,,,,summary_table_or_syndicate,
688802,2025-03,增资,青岛立涌,,,,summary_table_or_syndicate,
688802,2025-03,增资,新华文泰,,,,summary_table_or_syndicate,
688802,2025-03,增资,红杉雅恒,,,,summary_table_or_syndicate,
688802,2025-03,增资,晶凯景宽,,,,summary_table_or_syndicate,
688802,2025-03,增资,普华杭州,,,,summary_table_or_syndicate,
688802,2025-03,增资,湘投一村,,,,summary_table_or_syndicate,
688802,2025-03,增资,颍上德势,,,,summary_table_or_syndicate,
688802,2025-03,增资,国寿资本,,,,summary_table_or_syndicate,
688802,2025-03,增资,丽水巧达,,,,summary_table_or_syndicate,
688802,2025-03,增资,浦信熠芯,,,,summary_table_or_syndicate,
688802,2025-03,增资,源起开来,,,,summary_table_or_syndicate,
688802,2025-03,增资,苏州溢漕,,,,summary_table_or_syndicate,
688802,2025-03,增资,淳中科技,,,,summary_table_or_syndicate,
688802,2025-03,增资,中证投资,,,,summary_table_or_syndicate,
688802,2025-03,增资,嘉兴瀚舟,,,,summary_table_or_syndicate,
688802,2025-03,增资,前瞻远至,,,,summary_table_or_syndicate,
688802,2025-03,增资,正和启迪,,,,summary_table_or_syndicate,
